Stock,Date,MS Fair Value,MS,Tips Target,Tips Stars,Stars,Current Price,Fair Value,Valid Fair Value,Low Price,High Price,"3 Mths
Target","3 Mths
Target %",Intrinsic Value Basic,Intrinsic Value Basic %,Intrinsic Value Adjusted,Intrinsic Value Adjusted %,Symbol,"Google
Symbol"
NYSE:AA,17 Aug 2025,$40.85,3,,,,$31.65,29.06%,,,,$33.98,7.36%,$52.22,65.00%,$79.98,152.69%,AA,NYSE:AA
NASDAQ:AAL,28 Jul 2025,$12.45,3,$13.73,1,,$12.09,2.99%,,,,$12.88,6.53%,-$56.07,-563.81%,-$51.36,-524.84%,AAL,NASDAQ:AAL
NASDAQ:AAON,27 Aug 2025,$65.75,1,,,1,$91.90,-28.45%,-28.45%,$65.75,$65.75,$97.83,6.45%,$107.81,17.32%,$116.06,26.29%,AAON,NASDAQ:AAON
NYSE:ABEV,26 Aug 2025,$2.63,5,$2.50,7,,$2.31,8.23%,,,,$2.29,-0.87%,$3.24,40.22%,$4.06,75.95%,ABEV,NYSE:ABEV
NYSE:ABM,30 Aug 2025,$55.78,4,$58.40,6,3.5,$45.18,23.46%,23.46%,$55.78,$58.40,$48.08,6.42%,$72.67,60.85%,$91.10,101.63%,ABM,NYSE:ABM
NYSE:ACCO,3 Jun 2025,$7.29,5,$9.00,7,,$4.09,78.31%,,,,$4.02,-1.71%,$10.85,165.23%,$19.31,372.11%,ACCO,NYSE:ACCO
NYSE:ACEL,18 Sep 2025,$12.91,4,$15.00,7,3.75,$11.30,14.22%,14.22%,$12.91,$15.00,$11.66,3.19%,$11.70,3.52%,$13.25,17.30%,ACEL,NYSE:ACEL
NASDAQ:ACGL,29 Aug 2025,$97.27,4,$108.00,5,3.25,$88.87,9.46%,9.46%,$97.27,$108.00,$88.88,0.01%,$165.72,86.47%,$174.78,96.66%,ACGL,NASDAQ:ACGL
NYSE:ACHR,7 Jul 2025,$8.74,3,,,,$9.90,-11.72%,,,,$10.65,7.58%,$10.83,9.38%,$10.87,9.77%,ACHR,NYSE:ACHR
NYSE:ACN,2 Sep 2025,$264.08,4,$333.45,9,4.25,$236.99,11.43%,11.43%,$264.08,$333.45,$247.07,4.25%,$0.00,-100.00%,$0.00,-100.00%,ACN,NYSE:ACN
NYSE:ACVA,18 Sep 2025,$10.72,3,,,3,$10.06,6.58%,6.58%,$10.72,$10.72,$11.06,9.94%,$9.33,-7.25%,$11.68,16.10%,ACVA,NYSE:ACVA
NYSE:ADC,19 Sep 2025,$79.26,4,$81.90,8,4,$71.11,11.46%,11.46%,$79.26,$81.90,$73.83,3.83%,$64.29,-9.60%,$107.25,50.83%,ADC,NYSE:ADC
NASDAQ:ADIL,11 Jul 2025,$0.51,3,,,,$0.34,50.88%,,,,,-100.00%,-$2.00,-688.24%,-$2.00,-688.24%,ADIL,NASDAQ:ADIL
NASDAQ:ADTN,23 Aug 2025,$7.59,3,,,,$9.39,-19.17%,,,,$9.98,6.28%,$19.27,105.21%,$39.50,320.62%,ADTN,NASDAQ:ADTN
NASDAQ:AEP,18 Sep 2025,$104.71,2,,,2,$108.71,-3.68%,-3.68%,$104.71,$104.71,$111.83,2.87%,-$26.21,-124.11%,$42.16,-61.21%,AEP,NASDAQ:AEP
NYSE:AES,11 Jul 2025,$13.47,3,,,,$13.12,2.63%,,,,$13.30,1.37%,-$56.13,-527.85%,-$51.82,-494.99%,AES,NYSE:AES
NASDAQ:AFYA,13 Feb 2025,$25.44,3,$17.80,2,,$16.18,10.01%,,,,$16.49,1.92%,$54.96,239.71%,$81.12,401.37%,AFYA,NASDAQ:AFYA
NYSE:AG,12 Aug 2025,$7.66,3,,,,$11.65,-34.29%,,,,$12.94,11.07%,$13.64,17.09%,$21.06,80.80%,AG,NYSE:AG
NYSE:AGI,19 Aug 2025,$18.00,1,,,,$33.82,-46.79%,,,,$35.27,4.29%,$42.71,26.28%,$51.73,52.96%,AGI,NYSE:AGI
NYSE:AGM,26 Aug 2025,$230.34,3,,,,$179.00,28.68%,,,,$187.85,4.94%,"-$1,730.59",-1066.81%,"-$1,393.02",-878.22%,AGM,NYSE:AGM
NASDAQ:AGNC,7 Jul 2025,$11.25,4,,,,$9.77,15.17%,,,,$9.82,0.51%,-$68.52,-801.29%,-$68.16,-797.67%,AGNC,NASDAQ:AGNC
NYSE:AGO,3 Jan 2025,$100.22,4,$105.33,1,,$84.02,19.29%,,,,$85.86,2.19%,$55.95,-33.41%,$56.05,-33.28%,AGO,NYSE:AGO
NYSE:AGRO,27 Aug 2025,$9.55,4,$9.40,1,2.25,$8.25,13.94%,13.94%,$9.40,$9.55,$8.44,2.30%,$22.97,178.42%,$53.40,547.25%,AGRO,NYSE:AGRO
NYSE:AIG,17 Jul 2025,$84.76,3,$90.60,5,,$77.06,9.99%,,,,$79.07,2.61%,-$52.45,-168.06%,$14.62,-81.03%,AIG,NYSE:AIG
NYSE:AIN,15 Aug 2025,$77.61,3,$66.80,4,,$55.41,20.56%,,,,$55.71,0.54%,$57.35,3.51%,$83.89,51.40%,AIN,NYSE:AIN
NASDAQ:AIRS,23 Aug 2025,$6.69,3,$5.00,5,,$7.38,-32.25%,,,,$6.81,-7.72%,$8.91,20.70%,$10.90,47.72%,AIRS,NASDAQ:AIRS
NYSE:AIZ,29 Aug 2025,$221.82,3,$239.50,10,4,$213.98,3.66%,3.66%,$221.82,$239.50,$217.67,1.72%,-$170.30,-179.59%,-$123.91,-157.91%,AIZ,NYSE:AIZ
NYSE:AL,9 Apr 2025,$49.87,5,$54.25,6,,$63.57,-21.55%,,,,$64.98,2.22%,-$216.17,-440.05%,-$147.90,-332.66%,AL,NYSE:AL
NYSE:ALC,27 Aug 2025,$81.45,1,,,1,$75.19,8.33%,8.33%,$81.45,$81.45,$78.74,4.72%,$114.05,51.68%,$161.84,115.24%,ALC,NYSE:ALC
NYSE:ALEX,24 Apr 2025,$18.39,4,$23.00,9,,$18.11,1.55%,,,,$18.96,4.69%,$21.93,21.10%,$31.78,75.50%,ALEX,NYSE:ALEX
NYSE:ALIT,10 Sep 2025,$6.24,3,$6.75,4,2.5,$3.16,97.50%,97.50%,$6.24,$6.75,$3.44,8.86%,$2.45,-22.41%,$12.75,303.41%,ALIT,NYSE:ALIT
NYSE:ALL,11 Sep 2025,$182.73,2,,,2,$209.20,-12.65%,-12.65%,$182.73,$182.73,$214.50,2.53%,$365.67,74.79%,$440.10,110.37%,ALL,NYSE:ALL
NYSE:ALLY,10 Apr 2025,$42.93,5,$41.53,7,,$42.72,-2.79%,,,,$45.35,6.16%,-$437.94,-1125.15%,-$459.24,-1174.99%,ALLY,NYSE:ALLY
NASDAQ:ALRS,3 Jun 2025,$23.53,4,$21.50,9,,$23.11,-6.97%,,,,$24.03,3.98%,-$148.33,-741.84%,-$142.60,-717.06%,ALRS,NASDAQ:ALRS
NASDAQ:ALTS,12 Aug 2025,$5.33,2,,,,$3.76,41.76%,,,,$3.80,1.06%,$0.00,-100.00%,$0.00,-100.00%,ALTS,NASDAQ:ALTS
NASDAQ:ALVO,23 Aug 2025,$8.66,3,,,,$8.67,-0.09%,,,,$9.42,8.65%,$5.65,-34.84%,$7.14,-17.68%,ALVO,NASDAQ:ALVO
NASDAQ:AMAL,2 Sep 2025,$30.79,3,$33.33,1,1.75,$27.76,10.91%,10.91%,$30.79,$33.33,$30.07,8.32%,-$165.75,-697.09%,-$164.37,-692.13%,AMAL,NASDAQ:AMAL
NYSE:AMBC,3 Sep 2025,$10.68,3,$12.50,2,2,$9.33,14.48%,14.48%,$10.68,$12.50,$9.54,2.25%,-$113.12,-1312.47%,-$99.48,-1166.29%,AMBC,NYSE:AMBC
NYSE:AMBP,29 Aug 2025,$5.14,4,$4.41,6,3.5,$3.90,13.08%,13.08%,$4.41,$5.14,$3.84,-1.54%,$7.46,91.17%,$17.71,354.10%,AMBP,NYSE:AMBP
NYSE:AMCR,5 Sep 2025,$10.29,5,$10.77,8,4.5,$8.07,27.53%,27.53%,$10.29,$10.77,$8.47,4.96%,$10.17,25.99%,$15.17,87.92%,AMCR,NYSE:AMCR
NYSE:AMPY,26 Aug 2025,$6.99,3,,,,$4.75,47.24%,,,,$4.88,2.74%,$25.83,443.77%,$67.00,1310.57%,AMPY,NYSE:AMPY
NASDAQ:AMRK,30 Aug 2025,$28.71,3,$43.50,2,2,$26.93,6.60%,6.60%,$28.71,$43.50,$28.53,5.94%,$51.91,92.76%,$61.74,129.28%,AMRK,NASDAQ:AMRK
NASDAQ:AMSF,26 Aug 2025,$45.99,3,,,,$43.95,4.63%,,,,$45.60,3.75%,$20.58,-53.16%,$21.53,-51.01%,AMSF,NASDAQ:AMSF
NASDAQ:AMTX,4 Sep 2025,$3.19,3,$11.17,5,2.75,$2.48,28.47%,28.47%,$3.19,$11.17,$2.57,3.63%,$11.53,364.83%,$3.50,41.21%,AMTX,NASDAQ:AMTX
NASDAQ:AMWD,30 Aug 2025,$86.63,3,$70.67,6,3,$65.96,7.14%,7.14%,$70.67,$86.63,$69.02,4.64%,$123.10,86.63%,$184.70,180.02%,AMWD,NASDAQ:AMWD
NYSE:AMX,15 May 2025,$18.21,3,$16.53,3,,$20.97,-21.17%,,,,$20.74,-1.10%,$912.77,4252.75%,"$2,821.59",13355.34%,AMX,NYSE:AMX
NYSE:ANF,21 Sep 2025,$118.40,3,$113.38,1,1.75,$89.33,26.92%,26.92%,$113.38,$118.40,$92.91,4.01%,$145.21,62.55%,$202.55,126.74%,ANF,NYSE:ANF
NYSE:AON,29 Aug 2025,$347.01,2,,,2,$353.17,-1.74%,-1.74%,$347.01,$347.01,$362.58,2.66%,$390.95,10.70%,$468.37,32.62%,AON,NYSE:AON
NASDAQ:APA,12 Aug 2025,$28.49,3,$22.45,7,,$24.73,-9.22%,,,,$25.52,3.19%,$44.87,81.45%,$105.11,325.02%,APA,NASDAQ:APA
NYSE:APD,30 Aug 2025,$296.29,3,$328.83,8,3.5,$276.85,7.02%,7.02%,$296.29,$328.83,$278.20,0.49%,$182.62,-34.04%,$203.47,-26.50%,APD,NYSE:APD
NYSE:APH,16 Sep 2023,$81.57,2,,,,$123.59,-34.00%,,,,$124.98,1.12%,$178.38,44.33%,$190.16,53.86%,APH,NYSE:APH
NASDAQ:API,24 Aug 2025,$3.05,3,,,,$3.98,-23.49%,,,,$4.13,3.77%,$0.99,-75.23%,$2.68,-32.68%,API,NASDAQ:API
NASDAQ:APOG,5 May 2025,$66.39,5,$55.00,2,,$45.14,21.84%,,,,$47.11,4.36%,$0.00,-100.00%,$0.00,-100.00%,APOG,NASDAQ:APOG
NYSE:AQN,26 Aug 2025,$6.14,4,$6.23,8,,$5.44,12.93%,,,,$5.48,0.74%,-$3.16,-158.09%,$4.53,-16.73%,AQN,NYSE:AQN
NYSE:AR,20 Aug 2025,$31.31,3,,,,$33.78,-7.32%,,,,$34.63,2.52%,$72.15,113.58%,$97.95,189.97%,AR,NYSE:AR
NYSE:ARCO,29 Aug 2025,$10.31,3,$9.65,9,3.75,$7.17,34.59%,34.59%,$9.65,$10.31,$7.24,0.98%,-$4.74,-166.06%,$21.16,195.09%,ARCO,NYSE:ARCO
NASDAQ:ARHS,7 Jul 2025,$13.03,3,$10.27,4,,$11.14,-7.81%,,,,$11.56,3.77%,$24.73,121.96%,$53.27,378.22%,ARHS,NASDAQ:ARHS
NASDAQ:ARKO,26 Aug 2025,$6.50,3,,,,$4.86,33.84%,,,,$5.18,6.58%,-$16.78,-445.33%,-$4.75,-197.67%,ARKO,NASDAQ:ARKO
NYSE:ASB,10 Apr 2025,$23.54,5,$27.17,6,,$25.99,-9.43%,,,,$27.16,4.50%,-$153.95,-692.35%,-$147.73,-668.41%,ASB,NYSE:ASB
NYSE:ASH,14 May 2025,$83.18,3,$66.86,4,,$49.65,34.66%,,,,$51.16,3.04%,$110.88,123.32%,$243.99,391.41%,ASH,NYSE:ASH
NASDAQ:ASML,30 Aug 2025,$871.20,3,$863.71,10,4,$810.10,6.62%,6.62%,$863.71,$871.20,$945.64,16.73%,"$1,006.77",24.28%,"$1,059.95",30.84%,ASML,AMS:ASML
NYSE:ASR,10 Jul 2025,$344.93,4,$352.00,7,,$339.55,1.58%,,,,$338.53,-0.30%,"$2,633.81",675.68%,"$4,047.03",1091.88%,ASR,NYSE:ASR
NYSE:ATI,30 Aug 2025,$63.00,2,$102.43,7,2.75,$78.37,-19.61%,-19.61%,$63.00,$102.43,$82.57,5.36%,$101.79,29.88%,$123.34,57.38%,ATI,NYSE:ATI
NYSE:AU,20 Aug 2025,$29.75,2,,,,$67.99,-56.24%,,,,$71.96,5.84%,$149.31,119.61%,$153.77,126.16%,AU,NYSE:AU
NYSE:AVB,18 Sep 2025,$217.02,5,$216.27,7,4.25,$193.09,12.00%,12.00%,$216.27,$217.02,$202.91,5.09%,$290.12,50.25%,$406.43,110.49%,AVB,NYSE:AVB
NASDAQ:AVT,30 Aug 2025,$60.84,5,$52.75,1,2.75,$53.04,-0.55%,-0.55%,$52.75,$60.84,$53.20,0.30%,-$1.17,-102.20%,$14.81,-72.09%,AVT,NASDAQ:AVT
NYSE:AVY,30 Aug 2025,$186.52,3,$197.20,1,1.75,$163.00,14.43%,14.43%,$186.52,$197.20,$165.34,1.44%,$174.24,6.89%,$192.53,18.12%,AVY,NYSE:AVY
NYSE:B,12 Aug 2025,$23.69,3,,,,$33.81,-29.93%,,,,$36.80,8.84%,$46.98,38.94%,$66.69,97.24%,B,NYSE:B
NYSE:BA,9 Apr 2025,$179.31,5,$189.55,9,,$215.60,-16.83%,,,,$226.43,5.02%,$248.61,15.31%,$38.76,-82.02%,BA,NYSE:BA
NYSE:BABA,20 Aug 2025,$133.65,4,$148.92,7,,#N/A,#N/A,,,,$164.88,#N/A,$218.57,#N/A,$223.22,#N/A,BABA,HKEX:9988
NYSE:BAC,14 Aug 2025,$45.19,3,$52.60,6,,$52.09,-13.25%,,,,$54.37,4.38%,-$240.69,-562.06%,-$237.78,-556.49%,BAC,NYSE:BAC
NYSE:BALL,20 Aug 2025,$67.98,3,$62.78,6,,$48.61,29.15%,,,,$48.74,0.27%,$26.50,-45.49%,$50.09,3.04%,BALL,NYSE:BALL
NASDAQ:BANF,3 Jun 2025,$110.70,3,$121.50,6,,$130.76,-15.34%,,,,$138.38,5.83%,$21.84,-83.30%,$12.66,-90.32%,BANF,NASDAQ:BANF
NYSE:BB,18 Aug 2025,$3.38,3,$4.72,6,,$4.25,-20.52%,,,,$4.56,7.29%,$0.00,-100.00%,$0.00,-100.00%,BB,NYSE:BB
NYSE:BBD,4 Sep 2025,$2.93,3,,6,3,$3.36,-12.83%,-12.83%,$2.93,$2.93,$3.55,5.65%,-$17.22,-612.43%,-$14.66,-536.46%,BBD,NYSE:BBD
NYSE:BBVA,9 Sep 2025,$17.20,3,,9,3.75,$19.20,-10.40%,-10.40%,$17.20,$17.20,$19.71,2.66%,-$6.55,-134.11%,-$23.98,-224.90%,BBVA,NYSE:BBVA
NYSE:BBW,15 Aug 2025,$41.34,2,$59.00,8,,$71.84,-42.45%,,,,$74.19,3.27%,$75.20,4.67%,$95.29,32.64%,BBW,NYSE:BBW
NYSE:BBWI,21 Jul 2025,$48.96,3,$41.08,3,,$26.50,55.02%,,,,$27.41,3.43%,$95.05,258.68%,$80.91,205.32%,BBWI,NYSE:BBWI
NYSE:BBY,30 Aug 2025,$87.98,3,$79.84,5,2.75,$73.68,8.36%,8.36%,$79.84,$87.98,$76.41,3.71%,$124.20,68.57%,$166.00,125.30%,BBY,NYSE:BBY
NYSE:BCS,19 Aug 2025,$17.24,2,,,,$20.90,-17.50%,,,,$21.80,4.31%,$29.83,42.73%,$29.83,42.73%,BCS,NYSE:BCS
NYSE:BCSF,30 Aug 2025,$16.51,3,$16.50,5,2.75,$14.34,15.06%,15.06%,$16.50,$16.51,$15.34,6.97%,-$7.68,-153.54%,-$8.25,-157.55%,BCSF,NYSE:BCSF
NASDAQ:BELFB,16 Jun 2025,$80.76,3,,,,$147.92,-45.41%,,,,$144.13,-2.56%,$223.76,51.27%,$266.59,80.22%,BELFB,NASDAQ:BELFB
NYSE:BFAM,1 Sep 2025,$119.95,3,$140.33,8,3.5,$108.05,11.01%,11.01%,$119.95,$140.33,$112.75,4.35%,$202.25,87.19%,$231.78,114.51%,BFAM,NYSE:BFAM
NASDAQ:BFC,5 Jun 2025,$98.58,2,,,,$126.14,-21.85%,,,,$132.72,5.22%,-$179.92,-242.63%,-$166.17,-231.73%,BFC,NASDAQ:BFC
NASDAQ:BFIN,26 Aug 2025,$10.55,3,,,,$12.43,-15.16%,,,,$13.06,5.07%,-$72.41,-682.56%,-$69.28,-657.35%,BFIN,NASDAQ:BFIN
NYSE:BFS,18 Sep 2025,$38.64,5,,3,3.25,$31.33,23.34%,23.34%,$38.64,$38.64,$33.15,5.81%,-$2.83,-109.03%,$26.09,-16.72%,BFS,NYSE:BFS
NASDAQ:BFST,4 Sep 2025,$26.52,3,$30.00,4,2.5,$24.26,9.33%,9.33%,$26.52,$30.00,$25.85,6.55%,-$163.13,-772.43%,-$159.69,-758.25%,BFST,NASDAQ:BFST
NYSE:BIRK,30 Aug 2025,$55.22,4,$68.67,3,2.75,$45.15,22.29%,22.29%,$55.22,$68.67,$45.59,0.97%,$105.15,132.88%,$114.61,153.84%,BIRK,NYSE:BIRK
NYSE:BJ,20 Aug 2025,,0,,1,,$95.46,-100.00%,,,,$100.31,5.08%,$104.31,9.27%,$142.97,49.77%,BJ,NYSE:BJ
NYSE:BKD,30 Aug 2025,$9.20,4,$8.83,6,3.5,$8.39,5.24%,5.24%,$8.83,$9.20,$8.61,2.62%,-$9.08,-208.18%,$19.12,127.91%,BKD,NYSE:BKD
NASDAQ:BKR,21 Jul 2025,$40.95,3,$48.38,5,,$49.65,-17.52%,,,,$48.44,-2.44%,$45.17,-9.02%,$61.23,23.32%,BKR,NASDAQ:BKR
NYSE:BLD,30 Aug 2025,$467.93,3,$430.00,3,2.25,$398.45,7.92%,7.92%,$430.00,$467.93,$396.84,-0.40%,$786.23,97.32%,$877.85,120.32%,BLD,NYSE:BLD
NYSE:BLK,27 Aug 2025,"$1,027.97",2,,,2,"$1,134.42",-9.38%,-9.38%,"$1,027.97","$1,027.97","$1,179.67",3.99%,"$1,005.55",-11.36%,"$1,077.41",-5.03%,BLK,NYSE:BLK
NASDAQ:BLKB,23 Aug 2025,$72.93,3,$74.67,4,,$66.21,10.14%,,,,$66.59,0.57%,$108.80,64.32%,$141.94,114.37%,BLKB,NASDAQ:BLKB
NASDAQ:BLNK,27 Aug 2025,$1.43,3,$2.50,6,3,$1.66,-13.73%,-13.73%,$1.43,$2.50,$1.58,-4.82%,-$0.96,-157.79%,-$0.68,-140.82%,BLNK,NASDAQ:BLNK
NYSE:BMI,5 May 2025,$169.72,3,$236.50,6,,$173.78,-2.34%,,,,$181.30,4.33%,$268.28,54.38%,$265.19,52.60%,BMI,NYSE:BMI
NYSE:BN,26 Aug 2024,$55.96,2,,,,$70.99,-21.17%,,,,$75.85,6.85%,-$136.85,-292.77%,-$100.35,-241.35%,BN,NYSE:BN
NYSE:BNS,19 Aug 2025,$55.34,3,,,,$64.43,-14.11%,,,,$66.37,3.01%,-$562.30,-972.74%,-$552.47,-957.47%,BNS,NYSE:BNS
NYSE:BOH,6 Jan 2025,$74.38,3,$72.00,5,,$66.43,8.38%,,,,$70.31,5.84%,-$399.04,-700.70%,-$391.09,-688.73%,BOH,NYSE:BOH
NASDAQ:BOOM,12 Aug 2025,$10.98,3,$9.25,6,,$8.39,10.25%,,,,$8.08,-3.69%,$39.53,371.20%,$69.57,729.18%,BOOM,NASDAQ:BOOM
NYSE:BOW,19 Sep 2025,$29.01,3,,,3,$27.63,4.99%,4.99%,$29.01,$29.01,$29.42,6.48%,$0.00,-100.00%,$0.00,-100.00%,BOW,NYSE:BOW
NYSE:BP,18 Aug 2025,$39.40,4,$37.67,9,,$35.34,6.59%,,,,$35.90,1.58%,$37.56,6.28%,$134.56,280.75%,BP,NYSE:BP
NYSE:BRFS,15 Jul 2025,$3.91,3,$3.75,4,,$3.38,10.95%,,,,$3.40,0.59%,$8.71,157.62%,$14.24,321.39%,BRFS,NYSE:BRFS
NASDAQ:BRY,25 Aug 2025,$4.99,3,$3.50,5,,$3.98,-12.06%,,,,$4.18,5.03%,$14.75,270.61%,$40.46,916.67%,BRY,NASDAQ:BRY
NYSE:BSBR,5 Sep 2025,$5.27,3,$5.70,6,3,$5.49,-4.10%,-4.10%,$5.27,$5.70,$5.78,5.28%,$4.75,-13.45%,$1.96,-64.34%,BSBR,NYSE:BSBR
NASDAQ:BTDR,19 Aug 2025,$10.25,2,,,,$17.76,-42.29%,,,,$16.75,-5.69%,$15.05,-15.24%,$19.21,8.18%,BTDR,NASDAQ:BTDR
NYSE:BTI,17 Sep 2025,$53.70,3,,,3,$52.30,2.67%,2.67%,$53.70,$53.70,$55.68,6.46%,$0.00,-100.00%,$0.00,-100.00%,BTI,NYSE:BTI
NASDAQ:BTOG,18 Aug 2025,$0.57,3,,,,$0.40,41.75%,,,,$0.39,-2.50%,$0.00,-100.00%,$0.00,-100.00%,BTOG,NASDAQ:BTOG
NASDAQ:BULL,2 Sep 2025,$18.16,3,,,3,$14.49,25.34%,25.34%,$18.16,$18.16,$13.81,-4.69%,$0.00,-100.00%,$0.00,-100.00%,BULL,NASDAQ:BULL
NYSE:BURL,25 Jul 2023,$199.81,4,,,,$269.64,-25.90%,,,,$271.75,0.78%,$347.61,28.92%,$244.88,-9.18%,BURL,NYSE:BURL
NASDAQ:BUSE,10 Apr 2025,$24.44,4,$28.50,8,,$24.37,0.30%,,,,$25.87,6.16%,-$132.12,-642.14%,-$128.60,-627.71%,BUSE,NASDAQ:BUSE
NYSE:BXSL,19 Aug 2025,$31.13,3,$31.63,7,,$26.96,15.47%,,,,$28.62,6.16%,$87.15,223.26%,$94.56,250.75%,BXSL,NYSE:BXSL
NYSE:C,12 Aug 2025,$86.32,3,,,,$103.77,-16.82%,,,,$109.20,5.23%,-$743.68,-816.66%,-$719.35,-793.22%,C,NYSE:C
NYSE:CAAP,15 Aug 2025,$22.01,3,$23.30,9,,$19.42,13.32%,,,,$19.42,0.00%,$53.27,174.29%,$78.02,301.77%,CAAP,NYSE:CAAP
NASDAQ:CAC,6 Jun 2025,$40.10,3,$47.00,4,,$39.72,0.96%,,,,$41.92,5.54%,-$309.65,-879.59%,-$303.82,-864.91%,CAC,NASDAQ:CAC
NYSE:CAL,21 Sep 2025,$26.47,3,,1,1.75,$14.26,85.62%,85.62%,$26.47,$26.47,$15.35,7.64%,$9.32,-34.63%,$27.38,92.00%,CAL,NYSE:CAL
NASDAQ:CALM,11 Jul 2025,$93.94,3,$100.00,6,,$98.17,-4.31%,,,,$97.27,-0.92%,$0.00,-100.00%,$0.00,-100.00%,CALM,NASDAQ:CALM
NASDAQ:CAMT,24 Oct 2024,$87.99,4,,,,$105.35,-16.48%,,,,$96.00,-8.88%,$102.01,-3.17%,$102.01,-3.17%,CAMT,NASDAQ:CAMT
NYSE:CANG,24 Aug 2025,$4.01,3,$6.50,7,,$4.53,-11.55%,,,,$4.72,4.19%,-$446.99,-9967.31%,-$433.26,-9664.18%,CANG,NYSE:CANG
NASDAQ:CAR,11 Mar 2024,$159.62,3,,,,$159.67,-0.03%,,,,$158.85,-0.51%,$218.04,36.55%,$639.03,300.22%,CAR,NASDAQ:CAR
NYSE:CARR,27 Aug 2025,$61.99,2,,,2,$59.65,3.92%,3.92%,$61.99,$61.99,$62.90,5.45%,$80.76,35.39%,$106.46,78.48%,CARR,NYSE:CARR
NYSE:CAVA,18 Sep 2025,$56.20,3,,,3,$65.26,-13.88%,-13.88%,$56.20,$56.20,$69.15,5.96%,$69.98,7.24%,$77.62,18.95%,CAVA,NYSE:CAVA
NYSE:CB,18 Sep 2025,$273.39,3,,,3,$278.03,-1.67%,-1.67%,$273.39,$273.39,$284.95,2.49%,$449.63,61.72%,$463.15,66.58%,CB,NYSE:CB
BATS:CBOE,18 Sep 2025,$214.25,2,,,2,$241.08,-11.13%,-11.13%,$214.25,$214.25,$247.98,2.86%,$412.37,71.05%,$433.75,79.92%,CBOE,BATS:CBOE
NYSE:CBZ,7 Jan 2025,$77.57,3,,,,$52.44,47.92%,,,,$56.08,6.94%,$89.81,71.25%,$111.11,111.89%,CBZ,NYSE:CBZ
NYSE:CCI,19 Sep 2025,$108.34,5,$120.27,6,4,$94.47,14.69%,14.69%,$108.34,$120.27,$98.92,4.71%,$110.11,16.55%,$136.80,44.80%,CCI,NYSE:CCI
NYSE:CCK,29 Aug 2025,$107.03,3,$122.91,5,2.75,$95.39,12.20%,12.20%,$107.03,$122.91,$94.92,-0.49%,$169.91,78.12%,$223.57,134.37%,CCK,NYSE:CCK
NYSE:CDE,28 Jul 2025,$6.60,1,$10.90,6,,$18.20,-63.75%,,,,$18.95,4.12%,$25.66,40.97%,$30.39,66.97%,CDE,NYSE:CDE
NYSE:CE,28 Mar 2025,$111.30,3,$67.13,9,,$42.46,58.10%,,,,$43.07,1.44%,$39.48,-7.03%,$134.42,216.57%,CE,NYSE:CE
NASDAQ:CELC,29 Nov 2024,$21.98,3,,,,$53.43,-58.87%,,,,$51.55,-3.52%,$45.86,-14.17%,$45.87,-14.15%,CELC,NASDAQ:CELC
NASDAQ:CENT,16 Sep 2025,$43.92,4,$42.50,2,2.5,$33.70,26.11%,26.11%,$42.50,$43.92,$34.75,3.12%,$765.84,2172.53%,$857.80,2445.41%,CENT,NASDAQ:CENT
NASDAQ:CENTA,16 Sep 2025,$43.92,4,$42.50,2,2.5,$30.36,39.99%,39.99%,$42.50,$43.92,$31.32,3.16%,$167.25,450.88%,$184.44,507.51%,CENTA,NASDAQ:CENTA
NASDAQ:CENX,20 Aug 2025,$23.49,3,$25.50,9,,$26.49,-11.33%,,,,$28.87,8.98%,$34.62,30.68%,$17.50,-33.94%,CENX,NASDAQ:CENX
NYSE:CGAU,15 Aug 2025,$8.68,4,$9.61,7,,$9.90,-12.29%,,,,$10.18,2.83%,$19.80,100.02%,$11.77,18.86%,CGAU,NYSE:CGAU
NASDAQ:CHCO,3 Jun 2025,$111.09,3,,,,$124.00,-10.41%,,,,$130.05,4.88%,-$124.59,-200.47%,-$107.06,-186.34%,CHCO,NASDAQ:CHCO
NYSE:CHCT,24 Aug 2025,$20.57,3,$19.50,8,,$15.07,29.40%,,,,$15.79,4.78%,$15.26,1.24%,$36.23,140.38%,CHCT,NYSE:CHCT
NYSE:CHD,20 Feb 2024,$80.10,1,,,,$86.60,-7.51%,,,,$89.87,3.78%,$108.34,25.10%,$117.88,36.12%,CHD,NYSE:CHD
NASDAQ:CHDN,18 Sep 2025,$128.82,3,$132.71,9,3.75,$96.72,33.19%,33.19%,$128.82,$132.71,$100.61,4.02%,$79.74,-17.56%,$112.56,16.38%,CHDN,NASDAQ:CHDN
NYSE:CHE,3 Jul 2024,$512.61,3,,,,$456.80,12.22%,,,,$464.41,1.67%,$797.01,74.48%,$848.56,85.76%,CHE,NYSE:CHE
NASDAQ:CHEF,3 Sep 2025,$48.50,2,,,2,$61.45,-21.07%,-21.07%,$48.50,$48.50,$63.27,2.96%,$40.05,-34.83%,$72.84,18.53%,CHEF,NASDAQ:CHEF
NYSE:CHGG,20 Aug 2025,$2.28,3,,5,,$1.61,41.61%,,,,$1.97,22.36%,$14.27,786.44%,$6.21,285.42%,CHGG,NYSE:CHGG
NASDAQ:CHRD,23 Aug 2024,$167.62,3,,,,$104.40,60.56%,,,,$107.80,3.26%,$84.71,-18.86%,$327.80,213.99%,CHRD,NASDAQ:CHRD
NYSE:CHT,17 Jun 2024,$40.37,3,,,,$43.95,-8.15%,,,,$44.99,2.37%,$55.67,26.66%,$73.49,67.22%,CHT,NYSE:CHT
NASDAQ:CHX,23 Aug 2024,$37.87,4,,,,#N/A,#N/A,,,,$0.00,#N/A,$0.00,#N/A,$0.00,#N/A,CHX,NASDAQ:CHX
NASDAQ:CIFR,4 Aug 2025,$6.62,3,$7.06,3,,$14.85,-55.43%,,,,$14.44,-2.76%,$12.01,-19.11%,$14.29,-3.78%,CIFR,NASDAQ:CIFR
NYSE:CIG,17 Feb 2025,$1.90,3,$2.60,5,,$2.13,-10.66%,,,,$2.11,-0.94%,$0.00,-100.00%,$0.00,-100.00%,CIG,NYSE:CIG
NASDAQ:CINF,19 Sep 2025,$146.60,2,$165.40,6,2.5,$154.92,-5.37%,-5.37%,$146.60,$165.40,$159.42,2.90%,$334.91,116.18%,$355.41,129.41%,CINF,NASDAQ:CINF
NYSE:CL,18 Aug 2025,$84.33,3,$97.40,5,,$80.28,5.04%,,,,$84.43,5.17%,$130.56,62.64%,$144.01,79.39%,CL,NYSE:CL
NYSE:CLF,17 Aug 2025,$12.62,3,$10.78,6,,$11.60,-7.07%,,,,$12.26,5.69%,$25.75,122.01%,$20.63,77.87%,CLF,NYSE:CLF
NYSE:CLH,9 Apr 2025,$216.05,5,$271.56,9,,$235.44,-8.24%,,,,$246.68,4.77%,$311.22,32.19%,$464.61,97.34%,CLH,NYSE:CLH
NASDAQ:CLMB,25 Aug 2025,$107.31,3,$133.00,5,,$142.08,-24.47%,,,,$137.99,-2.88%,$259.98,82.98%,$276.50,94.61%,CLMB,NASDAQ:CLMB
NYSE:CLW,26 Dec 2024,,,$37.00,5,,$21.36,73.22%,,,,$21.45,0.42%,$86.18,303.46%,$201.18,841.83%,CLW,NYSE:CLW
NYSE:CLX,8 Oct 2024,$155.10,3,,,,$121.32,27.84%,,,,$124.35,2.50%,$206.68,70.36%,$240.49,98.22%,CLX,NYSE:CLX
NYSE:CM,10 Sep 2025,$68.57,2,,,2,$81.18,-15.53%,-15.53%,$68.57,$68.57,$84.13,3.63%,-$415.22,-611.48%,-$400.72,-593.62%,CM,NYSE:CM
NASDAQ:CMPR,23 Aug 2025,$95.87,3,$72.00,5,,$62.90,14.47%,,,,$64.77,2.97%,$140.15,122.81%,$162.91,159.00%,CMPR,NASDAQ:CMPR
NYSE:CNH,18 Aug 2025,$16.66,5,$14.39,4,,$11.00,30.82%,,,,$11.46,4.18%,$3.97,-63.88%,$10.67,-2.96%,CNH,NYSE:CNH
NYSE:CNM,15 Aug 2025,$59.25,2,,,,$50.90,16.41%,,,,$52.56,3.26%,$46.33,-8.97%,$64.27,26.27%,CNM,NYSE:CNM
NYSE:CNO,20 Oct 2023,$30.57,5,,,,$39.82,-23.24%,,,,$40.17,0.88%,-$249.32,-726.11%,-$216.84,-644.54%,CNO,NYSE:CNO
NYSE:COF,18 Aug 2025,$1.55,4,$1.15,4,,$225.43,-99.49%,,,,$234.60,4.07%,-$70.90,-131.45%,$11.17,-95.05%,COF,NYSE:COF
NYSE:COHR,15 Aug 2025,$108.88,2,$111.93,7,,$108.30,0.53%,,,,$109.16,0.79%,$116.00,7.11%,$175.48,62.03%,COHR,NYSE:COHR
NASDAQ:COLB,19 Aug 2025,$23.73,3,,,,$26.44,-10.24%,,,,$27.64,4.54%,-$99.67,-476.96%,-$91.78,-447.13%,COLB,NASDAQ:COLB
NYSE:COP,21 Sep 2025,$108.25,3,$115.53,10,4,$95.85,12.94%,12.94%,$108.25,$115.53,$98.72,2.99%,$77.90,-18.73%,$168.29,75.58%,COP,NYSE:COP
NYSE:COTY,18 Aug 2025,$8.16,3,$6.34,4,,$4.01,58.10%,,,,$4.25,5.99%,-$1.99,-149.52%,$4.57,13.94%,COTY,NYSE:COTY
NYSE:CP,13 Nov 2024,$75.90,3,,,,$73.68,3.02%,,,,$78.28,6.24%,$78.93,7.12%,$106.71,44.83%,CP,NYSE:CP
NYSE:CPF,6 Jan 2025,$28.08,3,$32.00,8,,$30.63,-8.31%,,,,$32.48,6.04%,-$171.63,-660.33%,-$168.55,-650.28%,CPF,NYSE:CPF
NYSE:CPRI,23 Aug 2025,$38.54,5,$25.25,6,,$20.16,25.25%,,,,$21.25,5.41%,$57.89,187.17%,-$11.97,-159.39%,CPRI,NYSE:CPRI
NYSE:CPT,18 Sep 2025,$121.77,4,$121.40,1,2.25,$107.55,12.88%,12.88%,$121.40,$121.77,$112.63,4.72%,$108.70,1.07%,$166.59,54.89%,CPT,NYSE:CPT
NYSE:CR,9 May 2025,$166.37,3,$184.00,4,,$181.61,-8.39%,,,,$183.60,1.10%,$226.21,24.56%,$236.33,30.13%,CR,NYSE:CR
NASDAQ:CRAI,20 Aug 2024,$164.05,3,,,,$207.93,-21.10%,,,,$206.72,-0.58%,$209.20,0.61%,$289.70,39.33%,CRAI,NASDAQ:CRAI
NASDAQ:CRESY,11 Jul 2025,$10.53,3,,,,$9.66,8.98%,,,,$9.41,-2.59%,$0.00,-100.00%,$0.00,-100.00%,CRESY,NASDAQ:CRESY
NYSE:CRGY,20 Aug 2025,$15.13,3,,,,$9.65,56.80%,,,,$9.42,-2.38%,$20.86,116.12%,$78.78,716.37%,CRGY,NYSE:CRGY
NYSE:CRH,24 Aug 2025,$101.09,2,,,,$113.74,-11.12%,,,,$119.04,4.66%,$111.42,-2.04%,$138.03,21.36%,CRH,NYSE:CRH
NASDAQ:CROX,26 Jul 2024,$132.28,3,,,,$78.50,68.51%,,,,$81.51,3.83%,$215.37,174.35%,$229.17,191.94%,CROX,NASDAQ:CROX
NASDAQ:CRTO,4 Sep 2025,$33.29,3,$41.00,3,2.25,$22.33,49.08%,49.08%,$33.29,$41.00,$23.28,4.25%,$47.85,114.27%,$18.63,-16.59%,CRTO,NASDAQ:CRTO
NASDAQ:CRWD,13 Sep 2024,$299.53,4,,,,$484.38,-38.16%,,,,$487.28,0.60%,$571.26,17.94%,$589.91,21.79%,CRWD,NASDAQ:CRWD
NYSE:CSL,31 Jul 2024,$348.23,2,,,,$334.88,3.99%,,,,$354.86,5.97%,$542.27,61.93%,$510.91,52.57%,CSL,NYSE:CSL
NASDAQ:CSTL,23 Aug 2024,$38.33,3,,,,$23.09,65.99%,,,,$23.43,1.47%,$35.57,54.07%,$41.08,77.93%,CSTL,NASDAQ:CSTL
NYSE:CSTM,7 Jan 2025,$16.09,3,$16.67,2,,$15.28,5.29%,,,,$16.17,5.82%,-$7.12,-146.63%,$16.59,8.55%,CSTM,NYSE:CSTM
NASDAQ:CSW,3 Sep 2025,$247.77,1,,,1,#N/A,#N/A,#N/A,#N/A,#N/A,$250.64,#N/A,$478.25,#N/A,$536.50,#N/A,CSW,NASDAQ:CSW
NYSE:CTRA,22 Sep 2025,$27.87,5,$32.94,9,4.75,$23.81,17.04%,17.04%,$27.87,$32.94,$24.83,4.28%,$50.21,110.87%,$97.60,309.89%,CTRA,NYSE:CTRA
NASDAQ:CVBF,10 Apr 2025,$20.35,4,$24.75,6,,$19.62,3.71%,,,,$20.88,6.42%,-$57.56,-393.39%,-$56.35,-387.22%,CVBF,NASDAQ:CVBF
NYSE:CVE,14 Aug 2025,$17.50,3,$18.51,8,,$17.72,-1.25%,,,,$18.02,1.69%,$27.63,55.91%,$50.67,185.96%,CVE,NYSE:CVE
NYSE:CVI,23 Aug 2024,$33.80,3,,,,$35.33,-4.34%,,,,$35.16,-0.48%,$71.56,102.54%,$113.46,221.14%,CVI,NYSE:CVI
NYSE:CVS,26 Aug 2025,84.4159,5,$83.13,8,,$76.89,8.12%,,,,$75.70,-1.55%,-$6.05,-107.87%,$31.33,-59.25%,CVS,NYSE:CVS
NYSE:CVX,20 Aug 2025,$174.36,4,$171.33,9,,$159.84,7.19%,,,,$163.23,2.12%,$209.39,31.00%,$296.89,85.74%,CVX,NYSE:CVX
NYSE:CW,17 May 2024,$250.04,2,,,,$518.70,-51.80%,,,,$539.16,3.94%,$684.44,31.95%,$743.91,43.42%,CW,NYSE:CW
NYSE:CWH,19 Sep 2025,$21.04,3,$19.56,7,3.25,$17.66,10.76%,10.76%,$19.56,$21.04,$18.35,3.91%,$59.58,237.35%,$79.27,348.87%,CWH,NYSE:CWH
NYSE:CX,19 Jun 2025,$8.65,3,$7.31,8,,$9.22,-20.72%,,,,$9.61,4.23%,$6.42,-30.35%,$22.86,147.97%,CX,NYSE:CX
NYSE:CXT,15 Apr 2024,$59.92,3,,,,$63.27,-5.30%,,,,$58.86,-6.97%,$78.73,24.43%,$102.80,62.47%,CXT,NYSE:CXT
NASDAQ:CYCC,12 Jun 2025,$0.82,3,,,,#N/A,#N/A,,,,$6.14,#N/A,-$9.36,#N/A,-$9.34,#N/A,CYCC,NASDAQ:CYCC
NYSE:CYD,23 Aug 2025,$24.67,2,,,,$39.85,-38.11%,,,,$42.69,7.13%,$0.00,-100.00%,$0.00,-100.00%,CYD,NYSE:CYD
NYSE:DAL,18 Sep 2025,$41.35,2,,,2,$58.23,-28.99%,-28.99%,$41.35,$41.35,$61.54,5.68%,$37.28,-35.98%,$103.93,78.48%,DAL,NYSE:DAL
NYSE:DCI,4 Sep 2024,$66.47,2,,,,$80.97,-17.91%,,,,$81.63,0.82%,$136.59,68.69%,$148.39,83.27%,DCI,NYSE:DCI
NYSE:DDD,18 Aug 2025,$2.94,3,$2.50,2,,$2.92,-14.38%,,,,$3.10,6.16%,-$0.82,-128.19%,$2.91,-0.41%,DDD,NYSE:DDD
NASDAQ:DDOG,18 Aug 2025,$131.92,3,$161.38,8,,$136.81,-3.57%,,,,$142.90,4.45%,$173.88,27.09%,$176.72,29.17%,DDOG,NASDAQ:DDOG
NYSE:DDS,21 May 2024,$424.51,3,,,,$603.84,-29.70%,,,,$574.15,-4.92%,$871.25,44.28%,"$1,030.45",70.65%,DDS,NYSE:DDS
NYSE:DEA,3 Sep 2025,$31.44,3,$23.33,6,3,$22.90,1.88%,1.88%,$23.33,$31.44,$23.82,4.02%,$4.96,-78.33%,$29.37,28.24%,DEA,NYSE:DEA
NYSE:DECK,20 Aug 2024,$913.85,3,,,,$112.52,712.16%,,,,$117.62,4.53%,$133.34,18.50%,$142.52,26.66%,DECK,NYSE:DECK
NASDAQ:DENN,23 Aug 2025,$5.86,3,,,,$5.43,7.96%,,,,$5.41,-0.37%,-$2.16,-139.80%,$1.20,-77.81%,DENN,NASDAQ:DENN
NASDAQ:DFDV,3 Jun 2025,$23.65,3,,,,$15.66,51.03%,,,,$16.15,3.13%,$12.98,-17.12%,$13.01,-16.92%,DFDV,NASDAQ:DFDV
NYSE:DFH,26 Mar 2025,$30.22,3,$32.00,4,,$27.15,11.31%,,,,$26.59,-2.06%,$314.54,1058.54%,$324.27,1094.38%,DFH,NYSE:DFH
NYSE:DGX,29 Jul 2024,$148.07,3,,,,$186.77,-20.72%,,,,$187.50,0.39%,$255.04,36.55%,$305.27,63.45%,DGX,NYSE:DGX
NYSE:DHI,2 Jul 2024,$140.37,2,,,,$167.77,-16.33%,,,,$160.71,-4.21%,$230.69,37.50%,$234.07,39.52%,DHI,NYSE:DHI
NYSE:DKL,10 Apr 2025,,,,,,$46.59,-100.00%,,,,$45.73,-1.85%,$23.10,-50.42%,$15.80,-66.08%,DKL,NYSE:DKL
NASDAQ:DKNG,18 Aug 2025,$46.45,3,$54.69,7,,$43.03,7.95%,,,,$45.65,6.09%,$49.34,14.66%,$54.58,26.83%,DKNG,NASDAQ:DKNG
NYSE:DLX,3 Jun 2025,$20.45,4,$23.00,7,,$19.16,6.72%,,,,$19.42,1.36%,$22.21,15.91%,$77.99,307.03%,DLX,NYSE:DLX
NASDAQ:DMLP,20 Sep 2025,,,$25.30,1,0.5,$25.62,-1.25%,-1.25%,$25.30,$25.30,$26.53,3.55%,$53.51,108.85%,$55.21,115.50%,DMLP,NASDAQ:DMLP
NYSEAMERICAN:DNN,31 Jul 2024,$1.76,0,,,,$2.86,-38.46%,,,,$2.74,-4.20%,$2.69,-6.02%,$2.63,-8.17%,DNN,NYSEAMERICAN:DNN
NASDAQ:DNUT,22 Dec 2023,$17.24,4,,,,$3.30,422.36%,,,,$3.54,7.27%,-$3.78,-214.60%,$2.41,-26.98%,DNUT,NASDAQ:DNUT
NYSE:DOLE,1 Sep 2025,$16.69,3,$14.00,5,2.75,$13.38,4.63%,4.63%,$14.00,$16.69,$13.44,0.45%,$23.12,72.76%,$0.92,-93.11%,DOLE,NYSE:DOLE
NYSE:DOV,1 Sep 2025,$177.53,3,$215.00,6,3,$169.22,4.91%,4.91%,$177.53,$215.00,$170.82,0.95%,$221.30,30.78%,$270.23,59.69%,DOV,NYSE:DOV
NASDAQ:DOYU,2 Apr 2025,$7.06,3,$9.75,9,,$7.73,-8.72%,,,,,-100.00%,-$2.00,-125.87%,-$2.00,-125.87%,DOYU,NASDAQ:DOYU
NASDAQ:DPZ,9 Apr 2025,$433.44,3,$487.39,9,,$424.71,2.06%,,,,$438.18,3.17%,$607.74,43.09%,$651.34,53.36%,DPZ,NASDAQ:DPZ
NYSE:DRD,28 Feb 2024,$9.55,4,,,,$26.60,-64.11%,,,,,-100.00%,-$2.00,-107.52%,-$2.00,-107.52%,DRD,NYSE:DRD
NYSE:DRI,18 Sep 2025,$167.77,1,,,1,$187.61,-10.58%,-10.58%,$167.77,$167.77,$194.13,3.48%,$302.37,61.17%,$384.59,104.99%,DRI,NYSE:DRI
NASDAQ:DRVN,4 Apr 2025,$17.90,3,$19.91,7,,$16.07,11.39%,,,,$16.98,5.66%,-$0.02,-100.14%,$18.80,17.00%,DRVN,NASDAQ:DRVN
NYSE:DT,20 Aug 2025,$53.45,3,$63.29,9,,$48.63,9.90%,,,,$49.69,2.18%,$104.78,115.46%,$106.54,119.09%,DT,NYSE:DT
NYSE:DUK,19 Sep 2025,$124.46,3,$130.90,7,3.25,$123.21,1.01%,1.01%,$124.46,$130.90,$127.13,3.18%,-$31.40,-125.48%,$66.93,-45.68%,DUK,NYSE:DUK
NYSE:DVN,17 Sep 2025,$43.08,3,$43.71,6,3,$35.51,21.30%,21.30%,$43.08,$43.71,$36.92,3.97%,$15.88,-55.28%,$25.41,-28.45%,DVN,NYSE:DVN
NYSE:DY,23 Aug 2024,$143.30,1,,,,$278.39,-48.53%,,,,$280.47,0.75%,$235.80,-15.30%,$382.53,37.41%,DY,NYSE:DY
NYSE:EBF,1 Sep 2025,$23.80,4,,4,3,$18.35,29.70%,29.70%,$23.80,$23.80,$18.10,-1.36%,$0.00,-100.00%,$0.00,-100.00%,EBF,NYSE:EBF
NYSE:EBR,17 Feb 2025,$7.68,3,,,,$9.48,-18.99%,,,,$9.80,3.38%,$15.66,65.23%,$23.15,144.24%,EBR,NYSE:EBR
NASDAQ:ECPG,23 Sep 2025,$54.49,3,$57.67,6,3,$45.01,21.07%,21.07%,$54.49,$57.67,$48.30,7.31%,-$114.17,-353.66%,-$95.73,-312.69%,ECPG,NASDAQ:ECPG
NASDAQ:ECX,10 Sep 2025,$1.94,4,,3,2.75,$2.11,-7.87%,-7.87%,$1.94,$1.94,$2.18,3.32%,$0.57,-73.14%,$0.99,-52.96%,ECX,NASDAQ:ECX
NYSE:ED,16 Sep 2025,$102.44,3,$102.88,2,2,$98.67,3.82%,3.82%,$102.44,$102.88,$102.72,4.10%,$84.77,-14.09%,$198.96,101.64%,ED,NYSE:ED
NYSE:EDN,9 Sep 2025,$21.33,4,$29.50,5,3.25,$19.41,9.89%,9.89%,$21.33,$29.50,$20.48,5.51%,-$83.17,-528.48%,-$79.22,-508.16%,EDN,NYSE:EDN
NYSE:EDU,19 Aug 2025,$59.25,3,,,,$50.67,16.94%,,,,$53.73,6.04%,$0.00,-100.00%,$0.00,-100.00%,EDU,NYSE:EDU
NASDAQ:EEFT,19 Aug 2025,$99.74,4,$123.00,4,,$87.69,13.74%,,,,$92.41,5.38%,$286.71,226.95%,$348.27,297.16%,EEFT,NASDAQ:EEFT
NYSE:EFX,10 May 2024,$252.67,3,,,,$256.46,-1.48%,,,,$262.46,2.34%,$278.55,8.62%,$336.70,31.29%,EFX,NYSE:EFX
NASDAQ:EGBN,4 Sep 2025,$22.98,4,$21.33,4,3,$21.41,-0.37%,-0.37%,$21.33,$22.98,$22.32,4.25%,-$211.85,-1089.49%,-$210.36,-1082.51%,EGBN,NASDAQ:EGBN
NYSE:EGY,26 Aug 2025,$6.31,3,,,,$4.34,45.29%,,,,$4.49,3.46%,$7.29,67.94%,$15.75,262.83%,EGY,NYSE:EGY
NASDAQ:EH,3 Sep 2025,$17.27,3,,,3,$18.70,-7.67%,-7.67%,$17.27,$17.27,$18.20,-2.67%,$19.27,3.07%,$19.27,3.07%,EH,NASDAQ:EH
NYSE:EHC,9 May 2025,$100.25,2,$128.78,10,,$126.67,-20.86%,,,,$131.30,3.66%,$167.05,31.88%,$223.60,76.52%,EHC,NYSE:EHC
NYSE:EIX,9 Sep 2025,$75.59,3,$64.80,6,3,$54.96,17.90%,17.90%,$64.80,$75.59,$58.49,6.42%,-$14.87,-127.06%,-$29.93,-154.46%,EIX,NYSE:EIX
NYSE:EL,18 Aug 2025,$118.27,3,$95.25,6,,$86.41,10.23%,,,,$90.85,5.14%,$107.31,24.18%,$157.69,82.49%,EL,NYSE:EL
NYSE:ELF,18 Aug 2025,$118.35,3,,,,$132.88,-10.94%,,,,$144.03,8.39%,$156.03,17.42%,$172.09,29.51%,ELF,NYSE:ELF
NYSE:ELP,13 Feb 2025,$6.84,3,$8.20,6,,$9.74,-29.78%,,,,$10.15,4.21%,$8.54,-12.32%,$15.04,54.45%,ELP,NYSE:ELP
NYSE:ELS,19 Sep 2025,$70.10,5,$67.65,7,4.25,$60.09,12.58%,12.58%,$67.65,$70.10,$62.55,4.09%,$66.95,11.42%,$87.01,44.79%,ELS,NYSE:ELS
NYSE:EME,23 Aug 2025,$518.72,1,$670.50,8,,$639.87,-18.93%,,,,$643.00,0.49%,$820.95,28.30%,$893.20,39.59%,EME,NYSE:EME
NYSE:ENB,19 Aug 2025,$43.53,2,,,,$50.14,-13.19%,,,,$49.50,-1.28%,$27.29,-45.57%,$71.40,42.41%,ENB,NYSE:ENB
NASDAQ:ENSG,3 Jul 2025,$137.40,2,,,,$169.62,-19.00%,,,,$173.13,2.07%,$247.07,45.66%,$278.36,64.11%,ENSG,NASDAQ:ENSG
NASDAQ:ENVX,20 Aug 2025,$9.75,3,,,,$10.42,-6.46%,,,,$11.00,5.57%,$8.11,-22.21%,$8.50,-18.45%,ENVX,NASDAQ:ENVX
NYSE:EOG,21 Sep 2025,$130.14,5,$141.91,7,4.25,$118.23,10.07%,10.07%,$130.14,$141.91,$123.39,4.36%,$141.66,19.82%,$282.48,138.92%,EOG,NYSE:EOG
NYSE:EPAC,25 Jul 2023,$26.80,3,,,,$40.89,-34.46%,,,,$41.99,2.69%,$0.00,-100.00%,$0.00,-100.00%,EPAC,NYSE:EPAC
NASDAQ:EPIX,27 Aug 2025,$1.63,3,,,3,$0.19,756.84%,756.84%,$1.63,$1.63,,-100.00%,-$2.00,-1152.63%,-$2.00,-1152.63%,EPIX,NASDAQ:EPIX
NYSE:EQNR,9 Sep 2025,$26.30,4,$25.60,9,4.25,$25.67,-0.27%,-0.27%,$25.60,$26.30,$25.77,0.39%,$68.26,165.91%,$30.48,18.75%,EQNR,NYSE:EQNR
NYSE:EQT,20 Aug 2025,$46.57,2,,,,$52.06,-10.55%,,,,$52.83,1.48%,$84.69,62.68%,$138.27,165.59%,EQT,NYSE:EQT
NASDAQ:ERIC,20 Aug 2025,$9.05,4,$8.45,2,,$8.18,3.30%,,,,$8.54,4.40%,$8.62,5.39%,$12.67,54.84%,ERIC,NASDAQ:ERIC
NASDAQ:ERII,4 Sep 2025,$16.86,3,$17.00,6,3,$15.07,11.88%,11.88%,$16.86,$17.00,$15.64,3.78%,$21.26,41.08%,$23.19,53.88%,ERII,NASDAQ:ERII
NYSE:ERJ,10 Sep 2025,$52.67,2,,,2,$60.72,-13.26%,-13.26%,$52.67,$52.67,$62.33,2.65%,$262.86,332.90%,$283.25,366.49%,ERJ,NYSE:ERJ
NYSE:ERO,2 Sep 2025,$21.17,3,$18.76,5,2.75,$18.69,0.37%,0.37%,$18.76,$21.17,$17.89,-4.28%,$9.37,-49.89%,$18.88,1.03%,ERO,NYSE:ERO
NYSE:ESNT,9 Apr 2024,$58.67,3,,,,$64.06,-8.41%,,,,$64.72,1.03%,$128.74,100.96%,$129.28,101.81%,ESNT,NYSE:ESNT
NYSE:ESS,16 Sep 2025,$294.27,5,$293.97,7,4.25,$265.90,10.56%,10.56%,$293.97,$294.27,$282.11,6.10%,$362.35,36.27%,$531.10,99.74%,ESS,NYSE:ESS
NYSE:ESTC,19 Aug 2025,$94.39,3,$107.50,2,,$86.99,8.51%,,,,$85.98,-1.16%,$112.79,29.66%,$113.85,30.88%,ESTC,NYSE:ESTC
NYSE:ET,29 Aug 2025,$15.01,5,$13.92,6,4,$17.35,-19.77%,-19.77%,$13.92,$15.01,$17.60,1.44%,$18.68,7.67%,$47.42,173.30%,ET,NYSE:ET
NYSE:ETD,11 Nov 2024,$36.07,4,,,,$29.05,24.15%,,,,$30.31,4.34%,$56.71,95.22%,$62.95,116.70%,ETD,NYSE:ETD
NYSE:ETN,19 Aug 2025,$320.97,2,,,,$370.63,-13.40%,,,,$367.33,-0.89%,$456.41,23.15%,$504.27,36.06%,ETN,NYSE:ETN
NYSE:ETR,10 Sep 2025,$73.90,1,,,1,$91.10,-18.88%,-18.88%,$73.90,$73.90,$95.23,4.53%,-$12.00,-113.17%,$39.94,-56.15%,ETR,NYSE:ETR
NYSE:EVTL,1 Sep 2025,$5.43,3,$11.60,5,2.75,$6.23,-12.84%,-12.84%,$5.43,$11.60,$6.16,-1.12%,$1.88,-69.81%,$2.41,-61.37%,EVTL,NYSE:EVTL
NASDAQ:EWBC,10 Apr 2025,$94.13,5,$109.25,5,,$106.79,-11.85%,,,,$113.97,6.72%,-$214.39,-300.76%,-$173.98,-262.92%,EWBC,NASDAQ:EWBC
NASDAQ:EXC,21 Sep 2025,$40.41,2,$47.67,7,2.75,$44.39,-8.96%,-8.96%,$40.41,$47.67,$45.77,3.11%,-$44.28,-199.76%,-$32.42,-173.04%,EXC,NASDAQ:EXC
NYSE:EXK,12 Aug 2025,$5.26,3,,,,$7.55,-30.32%,,,,$8.41,11.39%,$8.54,13.11%,$10.82,43.31%,EXK,NYSE:EXK
NYSE:EXP,23 Aug 2025,$240.86,4,$230.75,1,,$230.38,0.16%,,,,$239.95,4.15%,$319.18,38.54%,$409.93,77.94%,EXP,NYSE:EXP
NASDAQ:FAST,14 Jun 2024,$55.48,2,,,,$47.98,15.63%,,,,$49.30,2.75%,$60.80,26.72%,$63.64,32.64%,FAST,NASDAQ:FAST
NYSE:FBIN,7 Jun 2024,$74.94,4,,,,$54.16,38.37%,,,,$57.31,5.82%,$63.68,17.57%,$80.57,48.76%,FBIN,NYSE:FBIN
NYSE:FCPT,4 Sep 2025,$29.64,4,$29.40,6,3.5,$24.53,19.85%,19.85%,$29.40,$29.64,$26.81,9.29%,$33.13,35.06%,$41.12,67.63%,FCPT,NYSE:FCPT
NYSE:FE,19 Sep 2025,$47.44,4,$46.00,7,3.75,$44.00,4.55%,4.55%,$46.00,$47.44,$45.23,2.80%,-$21.34,-148.50%,-$13.08,-129.73%,FE,NYSE:FE
NYSE:FERG,8 Jul 2024,$169.94,2,,,,$231.83,-26.70%,,,,$244.07,5.28%,$0.00,-100.00%,$0.00,-100.00%,FERG,NYSE:FERG
NYSE:FF,15 May 2025,$5.93,5,,7,,$3.93,50.89%,,,,$3.83,-2.54%,$30.70,681.27%,$9.17,133.38%,FF,NYSE:FF
NASDAQ:FFBC,24 Aug 2025,$26.22,3,$29.75,7,,$26.06,0.63%,,,,$27.56,5.76%,-$87.10,-434.21%,-$81.24,-411.75%,FFBC,NASDAQ:FFBC
NASDAQ:FHB,6 Jan 2025,$27.14,3,$25.86,3,,$25.24,2.46%,,,,$26.80,6.18%,-$100.83,-499.48%,-$97.36,-485.74%,FHB,NASDAQ:FHB
NYSE:FHN,18 Aug 2025,$17.99,2,$24.12,6,,$22.92,-21.52%,,,,$23.79,3.80%,-$106.02,-562.57%,-$104.29,-555.01%,FHN,NYSE:FHN
NYSE:FI,14 Dec 2023,$6.52,4,,,,$129.62,-94.97%,,,,$136.40,5.23%,$183.98,41.94%,$290.45,124.08%,FI,NYSE:FI
NYSE:FINV,10 Sep 2025,$9.07,4,$10.00,8,4,$7.79,16.47%,16.47%,$9.07,$10.00,$8.09,3.85%,$8.21,5.34%,$8.62,10.66%,FINV,NYSE:FINV
NASDAQ:FITB,10 Apr 2025,$41.27,5,$48.07,4,,$45.34,-8.97%,,,,$47.41,4.57%,-$167.97,-470.47%,-$159.70,-452.23%,FITB,NASDAQ:FITB
NYSE:FIX,23 Aug 2025,$534.79,1,$736.60,8,,$806.28,-33.67%,,,,$795.52,-1.33%,"$1,153.36",43.05%,"$1,222.53",51.63%,FIX,NYSE:FIX
NASDAQ:FLEX,19 Aug 2025,$51.37,3,$58.00,6,,$58.66,-12.42%,,,,$59.44,1.33%,$55.16,-5.96%,$70.47,20.14%,FLEX,NASDAQ:FLEX
NYSE:FLR,20 Aug 2025,$51.95,5,,5,,$44.80,15.97%,,,,$44.18,-1.38%,$72.62,62.09%,$78.83,75.95%,FLR,NYSE:FLR
NYSE:FLS,23 Aug 2024,$48.32,3,,,,$56.27,-14.12%,,,,$56.72,0.80%,$104.69,86.05%,$117.75,109.26%,FLS,NYSE:FLS
NYSE:FLUT,18 Sep 2025,$272.62,3,,,3,$283.72,-3.91%,-3.91%,$272.62,$272.62,$300.35,5.86%,$257.35,-9.29%,$367.85,29.65%,FLUT,NYSE:FLUT
NASDAQ:FMBH,5 Sep 2025,$43.16,3,,,3,$39.19,10.13%,10.13%,$43.16,$43.16,$41.36,5.54%,-$210.47,-637.04%,-$195.99,-600.11%,FMBH,NASDAQ:FMBH
NYSE:FMX,13 Jun 2025,$109.53,3,$111.75,5,,$97.95,11.82%,,,,$97.39,-0.57%,$530.35,441.45%,"$2,529.07",2482.01%,FMX,NYSE:FMX
NYSE:FN,24 Aug 2025,$282.78,3,$326.71,10,,$373.23,-24.24%,,,,$381.06,2.10%,$390.07,4.51%,$418.22,12.05%,FN,NYSE:FN
NYSE:FNB,18 Aug 2025,$15.50,3,$18.83,9,,$16.22,-4.44%,,,,$17.05,5.12%,-$79.18,-588.15%,-$75.36,-564.63%,FNB,NYSE:FNB
NYSE:FNF,10 Apr 2025,$64.78,4,$70.33,4,,$59.47,8.92%,,,,$59.74,0.45%,$246.46,314.42%,$274.89,362.23%,FNF,NYSE:FNF
NASDAQ:FOSL,29 Aug 2025,$4.98,5,$5.00,7,4.25,$3.05,63.30%,63.30%,$4.98,$5.00,$2.98,-2.30%,$0.95,-68.93%,$4.20,37.56%,FOSL,NASDAQ:FOSL
NASDAQ:FRHC,27 Aug 2025,$170.00,3,,,3,$170.11,-0.06%,-0.06%,$170.00,$170.00,$176.03,3.48%,$283.83,66.85%,$287.43,68.97%,FRHC,NASDAQ:FRHC
NYSE:FSM,14 Aug 2025,$6.09,3,$7.46,7,,$8.56,-28.84%,,,,$9.05,5.72%,$12.79,49.37%,$24.29,183.79%,FSM,NYSE:FSM
NASDAQ:FSTR,4 Oct 2024,$28.19,4,,,,$27.14,3.88%,,,,$28.50,5.01%,$58.01,113.74%,$79.81,194.06%,FSTR,NASDAQ:FSTR
NASDAQ:FTAI,19 Aug 2025,$88.62,1,,,,$180.98,-51.04%,,,,$188.51,4.16%,$120.51,-33.41%,$131.79,-27.18%,FTAI,NASDAQ:FTAI
NASDAQ:FTDR,2 May 2025,$54.22,5,$40.00,7,,$67.07,-40.36%,,,,$68.32,1.86%,$158.14,135.78%,$177.62,164.83%,FTDR,NASDAQ:FTDR
NYSE:FTI,21 Jul 2025,$33.54,3,$37.80,10,,$39.99,-16.12%,,,,$39.49,-1.25%,$58.65,46.66%,$73.49,83.76%,FTI,NYSE:FTI
NASDAQ:FTRE,27 Jun 2025,$13.66,3,$5.97,1,,$9.51,-37.22%,,,,$9.35,-1.68%,-$4.31,-145.30%,$7.79,-18.12%,FTRE,NASDAQ:FTRE
NYSE:FUBO,4 Apr 2025,$4.27,3,$4.85,8,,$4.34,-1.73%,,,,$4.90,12.90%,$13.55,212.31%,$9.25,113.22%,FUBO,NYSE:FUBO
NASDAQ:FUFU,19 Aug 2025,$4.77,4,$6.00,5,,$3.82,24.95%,,,,$4.03,5.50%,-$6.59,-272.51%,-$3.85,-200.72%,FUFU,NASDAQ:FUFU
NYSE:FUL,15 Aug 2025,$76.19,3,$64.75,4,,$59.85,8.19%,,,,$62.28,4.06%,$0.00,-100.00%,$0.00,-100.00%,FUL,NYSE:FUL
NASDAQ:FULT,10 Apr 2025,$18.20,4,$22.67,4,,$19.02,-4.29%,,,,$20.16,5.99%,-$97.74,-613.88%,-$92.85,-588.16%,FULT,NASDAQ:FULT
NASDAQ:FUTU,27 Aug 2025,$135.45,1,,,1,$179.27,-24.44%,-24.44%,$135.45,$135.45,$173.24,-3.36%,$49.13,-72.59%,$52.86,-70.52%,FUTU,NASDAQ:FUTU
NASDAQ:GAIN,10 Jun 2024,$15.26,3,,,,$13.92,9.62%,,,,$14.42,3.59%,$56.33,304.68%,$67.49,384.86%,GAIN,NASDAQ:GAIN
NYSE:GBX,1 Sep 2025,$63.88,5,$57.00,2,3,$45.70,24.73%,24.73%,$57.00,$63.88,$49.07,7.37%,$0.00,-100.00%,$0.00,-100.00%,GBX,NYSE:GBX
NYSE:GEF,5 Sep 2025,$73.44,5,$80.00,2,3,$59.98,22.45%,22.45%,$73.44,$80.00,$60.23,0.42%,$119.53,99.28%,$223.46,272.56%,GEF,NYSE:GEF
NYSE:GES,15 Aug 2025,$28.70,3,$13.00,5,,$16.79,-22.57%,,,,$17.28,2.92%,$11.37,-32.26%,$24.95,48.62%,GES,NYSE:GES
NASDAQ:GGAL,11 Sep 2025,$34.39,3,$38.00,5,2.75,$34.84,-1.29%,-1.29%,$34.39,$38.00,$34.25,-1.69%,$55.46,59.19%,$82.45,136.66%,GGAL,NASDAQ:GGAL
NYSE:GGB,11 Jul 2025,$4.35,3,$3.65,6,,$3.11,17.36%,,,,$3.30,6.11%,-$6.95,-323.51%,-$6.36,-304.44%,GGB,NYSE:GGB
NYSE:GHC,9 May 2025,$903.50,3,,,,"$1,161.60",-22.22%,,,,"$1,204.54",3.70%,"$1,873.99",61.33%,"$2,852.70",145.58%,GHC,NYSE:GHC
NYSE:GIB,23 Aug 2025,$106.02,5,$123.75,5,,$91.33,16.09%,,,,$95.66,4.74%,$197.61,116.37%,$256.68,181.05%,GIB,NYSE:GIB
NYSE:GIS,16 Sep 2025,$62.55,5,$54.21,8,4.5,$50.85,6.61%,6.61%,$54.21,$62.55,$51.48,1.24%,$36.14,-28.93%,$46.82,-7.93%,GIS,NYSE:GIS
NASDAQ:GLDD,18 Sep 2025,$13.35,3,$14.00,10,4,$12.17,9.68%,9.68%,$13.35,$14.00,$12.18,0.08%,$19.64,61.40%,$6.40,-47.38%,GLDD,NASDAQ:GLDD
NYSE:GLW,22 Dec 2023,$35.18,5,,,,$80.13,-56.10%,,,,$82.35,2.77%,$79.33,-1.00%,$95.61,19.32%,GLW,NYSE:GLW
NYSE:GME,23 Aug 2024,$28.89,3,,,,$26.61,8.56%,,,,$27.85,4.66%,$47.17,77.25%,$47.89,79.98%,GME,NYSE:GME
NASDAQ:GNLN,15 Jul 2025,$4.44,3,,,,$3.56,24.58%,,,,,-100.00%,-$2.00,-156.18%,-$2.00,-156.18%,GNLN,NASDAQ:GNLN
NYSE:GNRC,11 Dec 2023,$141.55,3,,,,$171.01,-17.23%,,,,$166.00,-2.93%,$158.90,-7.08%,$191.64,12.06%,GNRC,NYSE:GNRC
NYSEAMERICAN:GNS,18 Aug 2025,,,$1.00,4,,$0.93,7.53%,,,,$0.97,4.30%,$0.00,-100.00%,$0.00,-100.00%,GNS,NYSEAMERICAN:GNS
NASDAQ:GOOD,31 Aug 2025,$17.01,5,$15.00,5,3.75,$12.74,17.74%,17.74%,$15.00,$17.01,$13.29,4.32%,$45.27,255.32%,$67.50,429.79%,GOOD,NASDAQ:GOOD
NYSEAMERICAN:GORO,20 Aug 2025,,,$1.25,5,,$0.80,56.25%,,,,$0.88,10.00%,$0.14,-82.57%,$1.35,69.23%,GORO,NYSEAMERICAN:GORO
NYSE:GOTU,3 Sep 2025,$6.27,3,,4,2.5,$3.41,83.84%,83.84%,$6.27,$6.27,$26.39,673.90%,$2.10,-38.36%,$1.90,-44.21%,GOTU,NYSE:GOTU
NYSE:GPC,14 Sep 2023,$168.90,4,,,,$138.90,21.60%,,,,$143.67,3.43%,$59.78,-56.96%,$94.10,-32.25%,GPC,NYSE:GPC
NYSE:GPOR,26 Aug 2025,$166.27,3,,,,$174.21,-4.56%,,,,$176.19,1.14%,$284.13,63.10%,$330.62,89.78%,GPOR,NYSE:GPOR
NASDAQ:GRAB,3 Sep 2025,$4.97,3,$6.03,6,3,$6.30,-21.11%,-21.11%,$4.97,$6.03,$6.33,0.48%,$6.88,9.22%,$7.45,18.21%,GRAB,NASDAQ:GRAB
NYSE:GRND,19 Aug 2025,$11.87,2,,,,$16.31,-27.20%,,,,$16.96,3.99%,$24.49,50.14%,$24.04,47.38%,GRND,NYSE:GRND
NYSE:GS,27 Aug 2025,$653.74,2,,,2,$807.94,-19.09%,-19.09%,$653.74,$653.74,$842.39,4.26%,"-$3,816.16",-572.33%,"-$3,725.34",-561.09%,GS,NYSE:GS
NASDAQ:GSM,15 Aug 2025,$7.64,3,$4.00,4,,$4.32,-7.41%,,,,$4.21,-2.55%,$20.40,372.33%,$7.23,67.40%,GSM,NASDAQ:GSM
NASDAQ:GT,20 Sep 2025,$10.53,4,$11.42,10,4.5,$8.19,28.57%,28.57%,$10.53,$11.42,$8.81,7.57%,$27.49,235.64%,$46.87,472.34%,GT,NASDAQ:GT
NYSE:GTES,12 May 2025,$25.10,5,$23.20,4,,$25.12,-7.64%,,,,$25.34,0.88%,$27.74,10.44%,$36.25,44.31%,GTES,NYSE:GTES
NYSE:GTLS,13 Sep 2024,$159.89,4,,,,$199.88,-20.01%,,,,$199.84,-0.02%,$244.82,22.48%,$355.76,77.98%,GTLS,NYSE:GTLS
NYSE:GTY,19 Sep 2025,$32.43,4,$32.00,4,3,$27.16,17.82%,17.82%,$32.00,$32.43,$28.65,5.49%,$26.16,-3.69%,$36.22,33.37%,GTY,NYSE:GTY
NYSE:GVA,12 Jun 2025,$88.52,3,,,,$110.61,-19.97%,,,,$110.82,0.19%,$249.88,125.91%,$100.69,-8.97%,GVA,NYSE:GVA
NYSE:GWW,23 Aug 2025,$866.00,2,,,,$965.00,-10.26%,,,,"$1,020.37",5.74%,"$1,230.33",27.49%,"$1,325.70",37.38%,GWW,NYSE:GWW
NASDAQ:HAFC,3 Jun 2025,$22.32,3,,,,$25.02,-10.81%,,,,$26.42,5.60%,-$164.87,-758.97%,-$162.24,-748.44%,HAFC,NASDAQ:HAFC
NASDAQ:HBAN,4 Aug 2025,$15.72,3,,,,$17.45,-9.94%,,,,$18.22,4.41%,-$77.54,-544.33%,-$68.30,-491.42%,HBAN,NASDAQ:HBAN
NYSE:HBM,18 Aug 2025,$11.11,3,$12.40,10,,$14.24,-22.00%,,,,$14.53,2.04%,$24.83,74.34%,$38.30,168.94%,HBM,NYSE:HBM
NYSE:HCA,22 May 2024,$312.61,3,,,,$413.14,-24.33%,,,,$424.69,2.80%,$614.07,48.63%,$762.42,84.54%,HCA,NYSE:HCA
NYSE:HCC,30 Aug 2024,$71.31,3,,,,$61.96,15.09%,,,,$64.60,4.26%,$112.24,81.15%,$120.40,94.31%,HCC,NYSE:HCC
NASDAQ:HCSG,20 Dec 2023,$15.43,3,,,,$16.13,-4.35%,,,,$16.56,2.67%,$26.11,61.87%,$28.77,78.35%,HCSG,NASDAQ:HCSG
NASDAQ:HCTI,11 Jul 2025,$0.04,3,,,,$2.54,-98.62%,,,,$2.38,-6.30%,$10.26,304.12%,$17.83,601.92%,HCTI,NASDAQ:HCTI
NYSE:HE,10 Apr 2025,$11.61,3,$12.06,4,,$11.45,1.35%,,,,$11.96,4.45%,-$8.60,-175.14%,$13.59,18.67%,HE,NYSE:HE
NYSE:HEI,2 May 2025,$235.97,3,$274.82,7,,$320.92,-26.47%,,,,$332.55,3.62%,$527.31,64.31%,$590.77,84.09%,HEI,NYSE:HEI
NYSE:HEI.A,5 May 2025,$186.04,3,,,,$252.22,-26.24%,,,,$260.58,3.31%,$388.17,53.90%,$429.69,70.36%,HEI.A,NYSE:HEI.A
NASDAQ:HELE,3 Nov 2023,$131.05,4,,,,$22.60,479.85%,,,,$23.12,2.30%,$0.00,-100.00%,$0.00,-100.00%,HELE,NASDAQ:HELE
NYSE:HG,9 Sep 2025,$24.44,3,$25.43,7,3.25,$24.63,-0.77%,-0.77%,$24.44,$25.43,$25.38,3.05%,$109.24,343.54%,$112.74,357.72%,HG,NYSE:HG
NYSE:HIMS,20 Aug 2025,$35.82,2,,,,$54.24,-33.96%,,,,$59.13,9.02%,$62.05,14.40%,$62.98,16.12%,HIMS,NYSE:HIMS
NASDAQ:HLMN,25 Jul 2023,$11.24,3,,,,$9.34,20.37%,,,,$9.72,4.07%,$12.11,29.61%,$21.62,131.44%,HLMN,NASDAQ:HLMN
NYSE:HMC,10 Apr 2025,$40.27,3,,4,,$33.52,20.13%,,,,$35.03,4.50%,-$4.23,-112.61%,-$15.40,-145.93%,HMC,NYSE:HMC
NYSE:HNI,8 Jan 2025,$45.54,2,,,,$44.97,1.26%,,,,$47.34,5.27%,$52.89,17.60%,$92.25,105.14%,HNI,NYSE:HNI
NASDAQ:HNRG,16 Dec 2024,$15.00,3,,8,,$18.80,-20.21%,,,,$18.45,-1.86%,$34.61,84.09%,$42.28,124.89%,HNRG,NASDAQ:HNRG
NYSE:HOMB,10 Apr 2025,$28.32,3,$32.80,6,,$28.83,-1.76%,,,,$30.52,5.86%,-$33.37,-215.76%,-$30.73,-206.59%,HOMB,NYSE:HOMB
NASDAQ:HON,2 May 2025,$201.34,3,$227.54,6,,$208.53,-3.45%,,,,$210.25,0.82%,$231.18,10.86%,$269.39,29.18%,HON,NASDAQ:HON
NASDAQ:HOOD,2 Sep 2025,$86.65,2,$113.71,7,2.75,$127.54,-32.06%,-32.06%,$86.65,$113.71,$130.15,2.05%,$203.31,59.41%,$204.75,60.54%,HOOD,NASDAQ:HOOD
NYSE:HOV,26 Mar 2025,$163.07,3,$125.00,1,,$138.80,-9.94%,,,,$131.44,-5.30%,$185.68,33.78%,$209.17,50.70%,HOV,NYSE:HOV
NASDAQ:HOVR,12 Dec 2024,$2.00,3,,6,,$2.24,-10.71%,,,,$2.32,3.57%,$2.05,-8.49%,$2.05,-8.37%,HOVR,NASDAQ:HOVR
NYSE:HPE,12 Aug 2025,$26.45,3,,,,$24.83,6.51%,,,,$26.02,4.79%,-$3.88,-115.64%,$17.09,-31.17%,HPE,NYSE:HPE
NYSE:HPQ,17 Sep 2025,$33.80,3,$28.50,5,2.75,$28.26,0.85%,0.85%,$28.50,$33.80,$29.62,4.81%,$43.78,54.93%,$56.21,98.91%,HPQ,NYSE:HPQ
NYSE:HRL,6 Nov 2024,$31.61,3,,,,$24.55,28.74%,,,,$24.92,1.51%,$24.20,-1.42%,$29.08,18.45%,HRL,NYSE:HRL
NASDAQ:HSAI,1 Sep 2025,$21.70,3,$27.74,9,3.75,$29.97,-27.59%,-27.59%,$21.70,$27.74,$31.16,3.97%,$33.07,10.34%,$33.49,11.75%,HSAI,NASDAQ:HSAI
NYSE:HSBC,19 Aug 2025,$64.63,3,,,,$70.31,-8.08%,,,,$72.82,3.57%,-$738.22,-1149.95%,-$738.89,-1150.91%,HSBC,NYSE:HSBC
NASDAQ:HSIC,20 Aug 2025,$69.76,3,,,,$68.12,2.40%,,,,$70.81,3.95%,$52.89,-22.36%,$77.72,14.10%,HSIC,NASDAQ:HSIC
NASDAQ:HSII,5 May 2025,$42.01,3,$50.67,7,,$49.82,-15.68%,,,,$49.85,0.06%,$132.97,166.91%,$142.55,186.13%,HSII,NASDAQ:HSII
NASDAQ:HST,4 Aug 2025,$20.58,5,$17.72,7,,$17.29,2.49%,,,,$17.38,0.52%,$37.67,117.86%,$57.22,230.96%,HST,NASDAQ:HST
NASDAQ:HTZ,22 Dec 2023,$16.71,3,,,,$7.00,138.71%,,,,$6.95,-0.71%,-$71.17,-1116.72%,$20.02,185.96%,HTZ,NASDAQ:HTZ
NYSE:HUBS,8 Jul 2024,$562.84,3,,,,$516.96,8.87%,,,,$516.04,-0.18%,$608.21,17.65%,$631.75,22.20%,HUBS,NYSE:HUBS
NYSE:HUYA,26 Aug 2025,$4.89,4,$5.00,7,,$3.39,44.22%,,,,$3.63,7.08%,$1.26,-62.81%,$1.26,-62.81%,HUYA,NYSE:HUYA
NYSE:HVT,22 Aug 2025,$37.74,3,,3,,$22.64,66.71%,,,,$23.81,5.17%,$15.97,-29.44%,$31.49,39.10%,HVT,NYSE:HVT
NYSE:HWM,3 Sep 2025,$148.98,2,,,2,$193.31,-22.93%,-22.93%,$148.98,$148.98,$199.51,3.21%,$238.38,23.31%,$250.75,29.72%,HWM,NYSE:HWM
NASDAQ:IBKR,23 Aug 2025,$51.95,1,$67.92,10,,$65.16,-20.27%,,,,$67.22,3.16%,$750.51,1051.80%,$754.25,1057.54%,IBKR,NASDAQ:IBKR
NYSE:IBM,14 Aug 2025,$219.74,2,,,,$270.88,-18.88%,,,,$281.25,3.83%,$244.30,-9.81%,$305.86,12.91%,IBM,NYSE:IBM
NYSE:IBP,7 Jan 2025,$148.52,2,$231.00,6,,$258.77,-42.61%,,,,$250.28,-3.28%,$416.25,60.86%,$510.07,97.11%,IBP,NYSE:IBP
NYSE:ICE,20 Aug 2025,$164.24,2,,,,$168.15,-2.33%,,,,$177.23,5.40%,$61.46,-63.45%,$88.65,-47.28%,ICE,NYSE:ICE
NYSE:IDA,18 Sep 2025,$114.64,2,,,2,$128.44,-10.75%,-10.75%,$114.64,$114.64,$132.97,3.53%,$1.92,-98.51%,$45.42,-64.63%,IDA,NYSE:IDA
NASDAQ:IEP,22 Nov 2023,$27.45,3,,,,$8.19,235.12%,,,,$8.15,-0.49%,$17.41,112.60%,$34.02,315.36%,IEP,NASDAQ:IEP
NASDAQ:IESC,23 Aug 2025,$257.92,2,,,,$384.39,-32.90%,,,,$381.47,-0.76%,$613.75,59.67%,$545.95,42.03%,IESC,NASDAQ:IESC
NYSE:IEX,21 May 2024,$211.85,2,,,,$159.21,33.07%,,,,$165.48,3.94%,$209.37,31.50%,$235.70,48.04%,IEX,NYSE:IEX
NYSE:IFS,9 Sep 2025,$34.16,2,$51.00,10,3.5,$40.52,-15.70%,-15.70%,$34.16,$51.00,$42.57,5.06%,$0.00,-100.00%,$0.00,-100.00%,IFS,NYSE:IFS
NASDAQ:IGIC,27 Aug 2025,$21.82,3,,6,3,$23.16,-5.77%,-5.77%,$21.82,$21.82,$23.76,2.59%,-$2.41,-110.41%,-$2.41,-110.41%,IGIC,NASDAQ:IGIC
NYSE:IHS,19 Aug 2025,$5.90,2,$8.86,8,,$6.83,-13.66%,,,,$6.82,-0.15%,$22.92,235.57%,$37.79,453.23%,IHS,NYSE:IHS
NYSE:ING,27 Aug 2025,$23.00,3,,,3,$25.88,-11.13%,-11.13%,$23.00,$23.00,$26.60,2.78%,-$141.33,-646.08%,-$133.61,-616.29%,ING,NYSE:ING
NYSE:INGM,27 Aug 2025,$25.63,3,$23.67,5,2.75,$20.81,13.74%,13.74%,$23.67,$25.63,$21.92,5.33%,-$19.22,-192.35%,-$26.92,-229.35%,INGM,NYSE:INGM
NYSE:INGR,26 Aug 2025,$23.71,3,,,,$122.07,-80.58%,,,,$125.69,2.97%,$187.43,53.54%,$247.41,102.68%,INGR,NYSE:INGR
NASDAQ:INTR,4 Feb 2025,$5.78,3,$6.57,7,,$9.21,-37.27%,,,,$9.79,6.30%,$63.20,586.17%,$66.22,618.98%,INTR,NASDAQ:INTR
NYSE:INVH,16 Sep 2025,$35.78,5,$35.79,1,2.75,$29.43,21.59%,21.59%,$35.78,$35.79,$31.07,5.57%,$51.60,75.32%,$73.29,149.05%,INVH,NYSE:INVH
NYSE:IP,10 Jul 2025,$49.22,3,,,,$46.25,6.43%,,,,$46.49,0.52%,$10.70,-76.87%,$57.47,24.26%,IP,NYSE:IP
NASDAQ:IQ,29 Nov 2024,$3.18,3,,,,$2.66,19.47%,,,,$2.74,3.01%,$2.55,-4.22%,$34.72,1205.13%,IQ,NASDAQ:IQ
NASDAQ:IREN,9 May 2025,$5.48,3,$19.52,6,,$48.93,-88.80%,,,,$40.85,-16.51%,$34.61,-29.26%,$34.86,-28.76%,IREN,NASDAQ:IREN
NYSE:IRM,19 Aug 2025,$97.43,3,$116.80,3,,$103.49,-5.85%,,,,$107.74,4.11%,$38.85,-62.46%,$46.27,-55.29%,IRM,NYSE:IRM
NYSE:IRS,16 Jun 2025,$15.85,4,,7,,$12.83,23.54%,,,,$12.66,-1.33%,$0.00,-100.00%,$0.00,-100.00%,IRS,NYSE:IRS
NASDAQ:ISRG,19 Jul 2024,$316.11,1,,,,$447.49,-29.36%,,,,$447.84,0.08%,$556.54,24.37%,$586.71,31.11%,ISRG,NASDAQ:ISRG
NYSE:ITGR,1 Sep 2025,$117.37,4,$138.11,1,2.25,$102.34,14.69%,14.69%,$117.37,$138.11,$107.31,4.86%,$81.60,-20.27%,$124.52,21.67%,ITGR,NYSE:ITGR
NASDAQ:ITIC,29 Jan 2025,$206.10,3,,7,,$258.43,-20.25%,,,,$259.61,0.46%,$373.89,44.68%,$397.13,53.67%,ITIC,NASDAQ:ITIC
NASDAQ:ITRN,10 Sep 2025,$33.85,3,,,3,$35.37,-4.30%,-4.30%,$33.85,$33.85,$35.73,1.02%,$92.43,161.31%,$109.44,209.41%,ITRN,NASDAQ:ITRN
NYSE:ITUB,9 Sep 2025,$6.45,2,,,2,$7.32,-11.91%,-11.91%,$6.45,$6.45,$7.70,5.19%,-$42.88,-685.74%,-$38.81,-630.20%,ITUB,NYSE:ITUB
NYSE:ITW,12 May 2025,$224.08,3,,,,$260.73,-14.06%,,,,$263.60,1.10%,$339.61,30.25%,$364.22,39.69%,ITW,NYSE:ITW
NYSE:IX,15 Aug 2025,$24.05,3,,8,,$26.69,-9.88%,,,,$27.63,3.52%,-$17.97,-167.35%,$6.05,-77.34%,IX,NYSE:IX
NASDAQ:IXHL,12 May 2025,$0.18,3,,,,$0.59,-69.83%,,,,$0.51,-13.56%,$0.00,-100.00%,$0.00,-100.00%,IXHL,NASDAQ:IXHL
NYSE:JBTM,23 Aug 2025,$136.24,3,,,,$138.50,-1.63%,,,,$137.91,-0.43%,$142.09,2.60%,$218.24,57.58%,JBTM,NYSE:JBTM
NASDAQ:JD,29 Aug 2025,$50.55,5,$41.23,8,4.5,#N/A,#N/A,#N/A,#N/A,#N/A,$33.11,#N/A,$119.15,#N/A,$120.63,#N/A,JD,HKEX:9618
NYSE:JEF,23 Aug 2025,$58.78,3,,,,$68.36,-14.01%,,,,$73.05,6.86%,$0.00,-100.00%,$0.00,-100.00%,JEF,NYSE:JEF
NYSE:JELD,25 Oct 2024,$18.28,3,,,,$5.35,241.61%,,,,$5.64,5.42%,-$9.53,-278.12%,$8.57,60.24%,JELD,NYSE:JELD
NASDAQ:JFIN,1 Sep 2025,$12.96,3,,7,3.25,$11.17,16.02%,16.02%,$12.96,$12.96,$11.54,3.31%,"$1,139.78",10103.94%,"$1,154.53",10236.02%,JFIN,NASDAQ:JFIN
NYSE:JHX,22 Aug 2025,$30.58,3,$26.94,8,,$18.59,44.92%,,,,$20.49,10.22%,$19.09,2.68%,$22.95,23.47%,JHX,NYSE:JHX
NYSE:JILL,3 Jan 2025,$36.04,3,$36.67,6,,$18.05,99.66%,,,,$19.29,6.87%,$41.46,129.70%,$55.99,210.18%,JILL,NYSE:JILL
NASDAQ:JJSF,31 Jan 2025,$136.25,3,$200.00,3,,$97.57,39.64%,,,,$98.85,1.31%,$180.27,84.76%,$248.71,154.90%,JJSF,NASDAQ:JJSF
NYSE:JOBY,7 Jul 2025,$8.26,2,,,,$16.36,-49.54%,,,,$15.91,-2.75%,$15.50,-5.24%,$15.60,-4.64%,JOBY,NYSE:JOBY
NYSE:JOE,4 Sep 2025,$58.64,3,,4,2.5,$49.69,18.01%,18.01%,$58.64,$58.64,$52.26,5.17%,$57.10,14.91%,$67.46,35.75%,JOE,NYSE:JOE
NYSE:K,4 Apr 2025,$79.13,3,$80.93,6,,$76.64,3.25%,,,,$78.34,2.22%,$53.14,-30.67%,$64.18,-16.25%,K,NYSE:K
NYSE:KAI,23 Aug 2025,$346.00,3,$347.33,2,,$304.40,13.67%,,,,$306.32,0.63%,$387.82,27.40%,$428.20,40.67%,KAI,NYSE:KAI
NASDAQ:KALU,4 Sep 2025,$101.67,4,$82.00,5,3.25,$74.85,9.55%,9.55%,$82.00,$101.67,$78.33,4.65%,$59.57,-20.41%,$99.34,32.71%,KALU,NASDAQ:KALU
NASDAQ:KARO,23 Aug 2025,$42.41,2,,,,$55.63,-23.76%,,,,$56.31,1.22%,$0.00,-100.00%,$0.00,-100.00%,KARO,NASDAQ:KARO
NYSE:KBH,12 Jul 2024,$76.20,3,,,,$63.21,20.55%,,,,$62.47,-1.17%,$0.00,-100.00%,$0.00,-100.00%,KBH,NYSE:KBH
NYSE:KEY,15 Aug 2025,$17.99,3,$19.94,4,,$18.93,-4.99%,,,,$19.87,4.97%,-$90.55,-578.32%,-$90.09,-575.92%,KEY,NYSE:KEY
NYSE:KGC,14 Aug 2025,$8.59,1,,,,$23.78,-63.88%,,,,$25.49,7.19%,$49.20,106.89%,$61.60,159.03%,KGC,NYSE:KGC
NYSE:KIM,19 Sep 2025,$25.08,5,$24.84,7,4.25,$21.73,14.31%,14.31%,$24.84,$25.08,$22.97,5.71%,$21.02,-3.26%,$30.20,38.98%,KIM,NYSE:KIM
NASDAQ:KLAC,9 Apr 2025,$711.07,5,$832.58,8,,"$1,070.37",-33.57%,,,,"$1,069.85",-0.05%,"$1,548.68",44.69%,"$1,599.75",49.46%,KLAC,NASDAQ:KLAC
NYSE:KLC,4 Apr 2025,$17.78,3,$27.60,8,,$6.82,160.70%,,,,$7.28,6.74%,$0.00,-100.00%,$0.00,-100.00%,KLC,NYSE:KLC
NASDAQ:KLIC,23 Aug 2025,$42.70,3,,,,$41.68,2.44%,,,,$42.30,1.49%,$50.66,21.55%,$54.18,29.99%,KLIC,NASDAQ:KLIC
NYSE:KMT,26 Aug 2025,$29.15,5,$22.25,5,,$21.08,5.55%,,,,$22.07,4.70%,$35.02,66.11%,$53.64,154.44%,KMT,NYSE:KMT
NYSE:KOF,13 Jun 2025,$97.08,3,,,,$84.47,14.92%,,,,$85.19,0.85%,$57.15,-32.35%,$62.41,-26.11%,KOF,NYSE:KOF
NASDAQ:KRNT,10 Apr 2025,$20.25,4,$29.60,7,,$14.63,38.39%,,,,$14.63,0.00%,$16.69,14.06%,$13.87,-5.20%,KRNT,NASDAQ:KRNT
NASDAQ:KRT,16 Sep 2025,$27.50,4,$31.50,2,2.5,$24.83,10.77%,10.77%,$27.50,$31.50,$25.29,1.85%,$50.96,105.25%,$69.69,180.66%,KRT,NASDAQ:KRT
NYSE:KSS,25 Jul 2023,$47.54,3,,,,$17.54,171.05%,,,,$16.92,-3.53%,$80.31,357.87%,$145.50,729.51%,KSS,NYSE:KSS
NYSE:KVUE,14 Aug 2025,$22.53,4,$23.83,8,,$17.08,31.91%,,,,$18.73,9.66%,$24.23,41.83%,$28.32,65.82%,KVUE,NYSE:KVUE
NYSE:KWR,7 Dec 2023,$246.30,3,,,,$135.21,82.16%,,,,$134.71,-0.37%,$184.89,36.75%,$257.40,90.37%,KWR,NYSE:KWR
NYSE:LAC,2 Sep 2025,$4.84,5,$4.00,4,3.5,$5.98,-33.11%,-33.11%,$4.00,$4.84,$2.99,-50.00%,$1.15,-80.83%,$1.16,-80.64%,LAC,NYSE:LAC
NASDAQ:LAMR,16 Sep 2025,$136.02,4,$129.00,9,4.25,$122.99,4.89%,4.89%,$129.00,$136.02,$130.23,5.89%,$146.10,18.79%,$184.76,50.22%,LAMR,NASDAQ:LAMR
NYSE:LB,26 Aug 2025,$40.37,2,,,,$55.22,-26.90%,,,,$62.04,12.35%,$0.00,-100.00%,$0.00,-100.00%,LB,NYSE:LB
NYSE:LC,25 Jul 2023,$14.62,3,,,,$17.26,-15.28%,,,,$18.66,8.11%,-$82.96,-580.64%,-$78.65,-555.69%,LC,NYSE:LC
NASDAQ:LCID,11 Jul 2025,$2.42,3,$2.41,3,,$22.92,-89.49%,,,,$22.54,-1.66%,-$21.60,-194.26%,-$19.00,-182.88%,LCID,NASDAQ:LCID
NASDAQ:LECO,31 May 2024,$190.67,3,,,,$234.80,-18.80%,,,,$246.50,4.98%,$356.37,51.78%,$387.95,65.23%,LECO,NASDAQ:LECO
NASDAQ:LENZ,15 May 2025,$26.93,3,$47.14,9,,$40.92,-34.18%,,,,$40.75,-0.42%,$35.03,-14.40%,$35.34,-13.63%,LENZ,NASDAQ:LENZ
NASDAQ:LFVN,16 Sep 2025,$9.29,3,,,3,$10.30,-9.81%,-9.81%,$9.29,$9.29,$10.83,5.15%,$14.89,44.54%,$19.26,87.03%,LFVN,NASDAQ:LFVN
NASDAQ:LGHL,1 Sep 2025,$2.89,3,,,3,$1.39,108.06%,108.06%,$2.89,$2.89,$1.30,-6.47%,$0.00,-100.00%,$0.00,-100.00%,LGHL,NASDAQ:LGHL
NASDAQ:LGIH,23 Aug 2024,$174.87,3,,,,$54.70,219.69%,,,,$53.88,-1.50%,$19.41,-64.52%,$20.51,-62.50%,LGIH,NASDAQ:LGIH
NYSE:LH,19 May 2025,$246.54,3,$276.82,5,,$281.49,-12.42%,,,,$281.92,0.15%,$405.99,44.23%,$488.48,73.53%,LH,NYSE:LH
NYSE:LII,26 Aug 2025,$486.80,1,,,,$530.90,-8.31%,,,,$557.50,5.01%,$593.48,11.79%,$647.51,21.96%,LII,NYSE:LII
NASDAQ:LIN,8 Jul 2024,$400.00,0,,,,$478.36,-16.38%,,,,$476.60,-0.37%,$546.51,14.25%,$692.31,44.73%,LIN,NASDAQ:LIN
NASDAQ:LKQ,15 May 2025,$47.72,5,$53.00,8,,$30.54,56.25%,,,,$31.34,2.62%,$32.04,4.91%,$48.06,57.37%,LKQ,NASDAQ:LKQ
NYSE:LOMA,10 Sep 2024,$8.40,3,,,,$8.13,3.33%,,,,$8.50,4.55%,$15.08,85.46%,$20.13,147.57%,LOMA,NYSE:LOMA
NASDAQ:LOVE,30 Aug 2023,$33.25,3,,,,$17.98,84.91%,,,,$18.79,4.51%,$19.07,6.08%,$29.45,63.81%,LOVE,NASDAQ:LOVE
NASDAQ:LPRO,23 Aug 2025,$2.92,3,$2.58,2,,$2.46,4.88%,,,,$2.53,2.85%,$3.71,50.96%,$3.97,61.29%,LPRO,NASDAQ:LPRO
NYSE:LPX,9 May 2025,$89.40,3,,,,$85.16,4.97%,,,,$90.80,6.62%,$125.44,47.30%,$145.57,70.94%,LPX,NYSE:LPX
NASDAQ:LQDT,4 Sep 2025,$27.14,3,$41.00,5,2.75,$27.72,-2.08%,-2.08%,$27.14,$41.00,$27.72,0.00%,$47.83,72.55%,$51.38,85.34%,LQDT,NASDAQ:LQDT
NASDAQ:LRCX,17 Jul 2024,$725.21,1,,,,$129.67,459.27%,,,,$131.26,1.23%,$254.54,96.30%,$260.11,100.59%,LRCX,NASDAQ:LRCX
NYSE:LSPD,11 Sep 2025,$13.68,3,$15.02,6,3,$12.18,12.32%,12.32%,$13.68,$15.02,$12.12,-0.49%,$20.29,66.59%,$39.93,227.81%,LSPD,NYSE:LSPD
NASDAQ:LTBR,25 Aug 2025,$13.94,3,,,,$19.73,-29.36%,,,,$22.05,11.76%,"$3,731,790.98",18914197.92%,"$3,731,790.98",18914197.92%,LTBR,NASDAQ:LTBR
NYSE:LTH,15 Aug 2025,$22.60,2,,,,$28.03,-19.36%,,,,$29.03,3.57%,$13.50,-51.82%,$17.94,-36.01%,LTH,NYSE:LTH
NYSE:LU,1 Sep 2025,$3.43,3,,4,2.5,$3.45,-0.70%,-0.70%,$3.43,$3.43,$3.66,6.09%,$0.00,-100.00%,$0.00,-100.00%,LU,NYSE:LU
NASDAQ:LWAY,27 Aug 2025,$25.66,2,,,2,$26.38,-2.73%,-2.73%,$25.66,$25.66,$26.29,-0.34%,$32.47,23.10%,$35.84,35.84%,LWAY,NASDAQ:LWAY
NASDAQ:LX,9 Sep 2025,$5.80,3,,7,3.25,$5.79,0.17%,0.17%,$5.80,$5.80,$5.89,1.73%,-$3.66,-163.20%,-$3.66,-163.20%,LX,NASDAQ:LX
NYSE:LYG,20 Aug 2025,$4.14,3,,,,$4.49,-7.86%,,,,$4.70,4.68%,-$39.54,-980.67%,-$39.54,-980.67%,LYG,NYSE:LYG
NYSE:M,17 Nov 2023,$28.11,3,,,,$17.21,63.36%,,,,$17.04,-0.99%,$10.75,-37.52%,$69.85,305.86%,M,NYSE:M
NYSE:MAA,18 Sep 2025,$156.08,4,$158.89,4,3,$140.30,11.25%,11.25%,$156.08,$158.89,$146.69,4.55%,$178.01,26.88%,$231.00,64.65%,MAA,NYSE:MAA
NYSE:MAS,25 Jul 2023,$62.83,3,,,,$71.65,-12.32%,,,,$73.87,3.10%,$168.22,134.78%,$170.13,137.45%,MAS,NYSE:MAS
NASDAQ:MAT,26 Aug 2025,$21.74,5,$25.43,7,,$16.95,28.25%,,,,$17.59,3.78%,$49.33,191.04%,$50.61,198.58%,MAT,NASDAQ:MAT
NASDAQ:MATW,12 Jun 2025,$31.87,5,,6,,$25.00,27.46%,,,,$24.98,-0.08%,$50.27,101.07%,$85.89,243.57%,MATW,NASDAQ:MATW
NYSE:MATX,9 Apr 2025,$143.68,5,$167.50,1,,$105.26,36.50%,,,,$108.16,2.76%,$97.19,-7.67%,$191.78,82.19%,MATX,NYSE:MATX
NYSE:MAX,23 Aug 2025,$13.82,3,$15.83,3,,$12.19,13.35%,,,,$12.94,6.15%,$26.65,118.59%,$27.40,124.77%,MAX,NYSE:MAX
NYSE:MBC,24 Dec 2024,$17.00,4,$23.00,4,,$13.03,30.44%,,,,$13.62,4.53%,$22.47,72.43%,$29.82,128.88%,MBC,NYSE:MBC
NYSE:MBI,3 Jan 2025,$6.33,3,$6.75,2,,$7.86,-19.45%,,,,$8.33,5.98%,-$92.92,-1282.13%,-$92.92,-1282.13%,MBI,NYSE:MBI
NYSE:MCD,18 Sep 2025,$295.53,3,$322.80,8,3.5,$304.53,-2.95%,-2.95%,$295.53,$322.80,$315.32,3.54%,$352.56,15.77%,$407.19,33.71%,MCD,NYSE:MCD
NYSE:MCK,23 Aug 2024,$496.23,2,,,,$763.72,-35.02%,,,,$722.53,-5.39%,"$1,431.01",87.37%,"$1,522.07",99.30%,MCK,NYSE:MCK
NYSE:MCO,16 Sep 2025,$491.12,3,,,3,$474.00,3.61%,3.61%,$491.12,$491.12,$514.49,8.54%,$616.38,30.04%,$663.68,40.02%,MCO,NYSE:MCO
NYSE:MD,2 May 2025,$17.20,4,$18.10,6,,$16.55,3.93%,,,,$17.09,3.26%,$103.70,526.61%,$108.47,555.41%,MD,NYSE:MD
NYSE:MDT,18 Aug 2025,$102.54,5,$99.13,5,,$95.88,3.39%,,,,$97.22,1.40%,$86.42,-9.86%,$109.86,14.58%,MDT,NYSE:MDT
NASDAQ:MDWD,1 Sep 2025,$18.47,3,$30.00,4,2.5,$17.99,2.67%,2.67%,$18.47,$30.00,$17.75,-1.33%,$23.11,28.46%,$25.06,39.29%,MDWD,NASDAQ:MDWD
NYSE:MEI,19 Mar 2025,$11.38,3,$11.50,4,,$7.96,43.02%,,,,$7.94,-0.25%,$18.79,136.05%,$41.58,422.38%,MEI,NYSE:MEI
NASDAQ:MELI,29 Aug 2025,"$2,075.00",2,,,2,"$2,519.80",-17.65%,-17.65%,"$2,075.00","$2,075.00","$2,400.00",-4.75%,"$5,037.70",99.92%,"$5,294.78",110.13%,MELI,NASDAQ:MELI
NASDAQ:MERC,9 Apr 2025,$9.51,3,$7.00,5,,$2.86,144.76%,,,,$2.80,-2.10%,-$4.60,-260.77%,-$14.44,-604.75%,MERC,NASDAQ:MERC
NASDAQ:MESO,14 May 2025,$9.99,3,,,,$16.47,-39.32%,,,,,-100.00%,-$2.00,-112.14%,-$2.00,-112.14%,MESO,NASDAQ:MESO
NASDAQ:META,19 Jul 2024,$436.35,2,,,,$756.54,-42.32%,,,,$759.27,0.36%,"$1,021.36",35.00%,"$1,161.06",53.47%,META,NASDAQ:META
NASDAQ:METC,16 Jun 2025,$18.15,3,$13.00,2,,$32.63,-60.16%,,,,$32.76,0.40%,$41.09,25.94%,$32.93,0.93%,METC,NASDAQ:METC
NYSE:MFG,19 Aug 2025,$5.72,2,,9,,$6.81,-16.08%,,,,$7.07,3.82%,-$95.17,-1497.48%,-$94.84,-1492.68%,MFG,NYSE:MFG
NASDAQ:MGEE,29 Jan 2025,$79.73,3,$76.50,7,,$84.10,-9.04%,,,,$86.80,3.21%,$75.86,-9.80%,$83.07,-1.22%,MGEE,NASDAQ:MGEE
NASDAQ:MGPI,19 Jun 2025,$49.20,3,$38.50,6,,$25.83,49.05%,,,,$25.86,0.12%,$35.89,38.95%,$18.85,-27.03%,MGPI,NASDAQ:MGPI
NYSE:MGY,23 Sep 2025,$26.44,5,$25.25,7,4.25,$25.00,1.00%,1.00%,$25.25,$26.44,$26.03,4.12%,$42.58,70.31%,$65.31,161.23%,MGY,NYSE:MGY
NYSE:MHO,7 Jan 2025,$138.00,3,$185.00,6,,$146.99,-6.12%,,,,$139.94,-4.80%,$227.76,54.95%,$219.71,49.47%,MHO,NYSE:MHO
NASDAQ:MKTX,23 Aug 2025,$211.29,4,$232.14,4,,$179.10,17.97%,,,,$186.17,3.95%,$272.63,52.22%,$295.23,64.84%,MKTX,NASDAQ:MKTX
NASDAQ:MLKN,20 Sep 2024,$28.93,3,,,,$17.17,68.50%,,,,$20.83,21.32%,$0.00,-100.00%,$0.00,-100.00%,MLKN,NASDAQ:MLKN
NYSE:MNR,17 Sep 2025,$13.58,0,$13.54,1,0.5,$13.13,3.12%,3.12%,$13.54,$13.58,$13.92,6.02%,$29.89,127.66%,$34.35,161.58%,MNR,NYSE:MNR
NASDAQ:MNRO,6 Jun 2025,$30.40,3,$17.67,8,,$18.17,-2.75%,,,,$19.08,5.01%,$41.84,130.28%,$9.40,-48.28%,MNRO,NASDAQ:MNRO
NYSE:MNSO,1 Sep 2025,$24.84,3,$26.94,8,3.5,$23.35,6.36%,6.36%,$24.84,$26.94,$24.58,5.27%,$59.24,153.73%,$59.24,153.73%,MNSO,NYSE:MNSO
NYSE:MO,25 Aug 2025,$63.53,3,,,,$64.84,-2.02%,,,,$67.67,4.36%,$139.38,114.96%,$142.42,119.65%,MO,NYSE:MO
NYSE:MOV,26 Aug 2025,$24.95,3,,,,$19.17,30.15%,,,,$19.94,4.02%,$123.85,546.07%,$109.75,472.53%,MOV,NYSE:MOV
NYSE:MPLX,10 Apr 2025,,,,,,$50.99,-100.00%,,,,$51.28,0.57%,$127.04,149.16%,$149.69,193.58%,MPLX,NYSE:MPLX
NASDAQ:MRX,10 Sep 2025,$29.58,2,,,2,$33.74,-12.34%,-12.34%,$29.58,$29.58,$34.54,2.37%,$0.00,-100.00%,$0.00,-100.00%,MRX,NASDAQ:MRX
NYSE:MS,27 Aug 2025,$131.18,2,,,2,$160.65,-18.34%,-18.34%,$131.18,$131.18,$168.49,4.88%,-$293.06,-282.42%,-$250.32,-255.82%,MS,NYSE:MS
NYSE:MSB,1 Sep 2025,$30.89,1,,,1,$30.00,2.97%,2.97%,$30.89,$30.89,$31.61,5.37%,$104.36,247.87%,$104.36,247.87%,MSB,NYSE:MSB
NASDAQ:MSBI,4 Sep 2025,$29.21,3,$20.50,4,2.5,$17.83,14.97%,14.97%,$20.50,$29.21,$19.10,7.12%,-$205.98,-1255.23%,-$195.78,-1198.04%,MSBI,NASDAQ:MSBI
NYSE:MSCI,18 Sep 2025,$552.00,3,,,3,$562.42,-1.85%,-1.85%,$552.00,$552.00,$595.78,5.93%,$795.24,41.40%,$841.00,49.53%,MSCI,NYSE:MSCI
NASDAQ:MSTR,20 Aug 2025,$295.75,2,,,,$333.50,-11.32%,,,,$346.59,3.93%,$158.68,-52.42%,$158.85,-52.37%,MSTR,NASDAQ:MSTR
NYSE:MTDR,19 Aug 2025,$64.64,3,$62.88,4,,$47.87,31.36%,,,,$50.41,5.31%,$12.05,-74.83%,$105.08,119.51%,MTDR,NYSE:MTDR
NYSE:MTG,16 Jul 2024,$24.62,3,,,,$28.26,-12.89%,,,,$28.42,0.57%,$56.68,100.57%,$57.35,102.94%,MTG,NYSE:MTG
NYSE:MTW,20 Sep 2024,$13.92,3,,,,$10.00,39.20%,,,,$10.68,6.80%,$28.56,185.60%,$51.92,419.16%,MTW,NYSE:MTW
NYSE:MTZ,4 Sep 2024,$99.99,3,,,,$207.68,-51.85%,,,,$206.21,-0.71%,$323.83,55.93%,$200.35,-3.53%,MTZ,NYSE:MTZ
NYSE:MUFG,19 Aug 2025,$13.66,2,$15.50,9,,$15.98,-14.53%,,,,$16.75,4.82%,-$131.13,-920.58%,-$130.96,-919.50%,MUFG,NYSE:MUFG
NYSE:MUX,20 Aug 2025,$12.92,3,$15.83,6,,$15.02,-13.96%,,,,$15.76,4.93%,$12.53,-16.55%,$10.25,-31.73%,MUX,NYSE:MUX
NASDAQ:MYRG,25 Sep 2024,$129.33,3,,,,$185.46,-30.27%,,,,$176.73,-4.71%,$156.46,-15.64%,$198.97,7.28%,MYRG,NASDAQ:MYRG
NYSE:NABL,24 Aug 2025,$9.22,3,$9.15,2,,$8.16,12.13%,,,,$8.61,5.51%,$9.76,19.61%,$11.91,45.93%,NABL,NYSE:NABL
NYSEAMERICAN:NAK,3 Sep 2025,,,$2.50,4,2,$1.14,119.30%,119.30%,$2.50,$2.50,$0.93,-18.42%,$0.78,-31.60%,$0.78,-31.55%,NAK,NYSEAMERICAN:NAK
NASDAQ:NAVI,23 Aug 2025,$18.59,4,$13.20,6,,$13.01,1.46%,,,,$13.60,4.53%,-$392.54,-3117.24%,-$389.64,-3094.90%,NAVI,NASDAQ:NAVI
NASDAQ:NB,12 Aug 2025,$5.09,3,,,,$6.79,-25.10%,,,,$6.10,-10.16%,$5.84,-13.94%,$5.84,-13.94%,NB,NASDAQ:NB
NYSE:NBHC,3 Jun 2025,$39.36,3,$39.67,4,,$39.31,0.13%,,,,$41.34,5.16%,-$129.26,-428.81%,-$117.96,-400.07%,NBHC,NYSE:NBHC
NASDAQ:NCNA,7 Jul 2025,$0.15,3,,,,$4.08,-96.45%,,,,$3.68,-9.80%,-$9.27,-327.19%,-$4.72,-215.72%,NCNA,NASDAQ:NCNA
NYSE:NEM,21 Jul 2025,$58.12,3,$67.81,10,,$83.94,-30.76%,,,,$88.63,5.59%,$170.72,103.39%,$211.20,151.61%,NEM,NYSE:NEM
NASDAQ:NEO,2 Sep 2025,$7.13,3,$9.83,6,3,$8.07,-11.61%,-11.61%,$7.13,$9.83,$8.17,1.24%,$7.70,-4.62%,$13.23,63.99%,NEO,NASDAQ:NEO
NASDAQ:NFLX,8 Jul 2024,$571.61,2,,,,"$1,207.49",-52.66%,,,,"$1,250.16",3.53%,"$1,540.80",27.60%,"$2,205.04",82.61%,NFLX,NASDAQ:NFLX
NYSE:NGG,19 Sep 2025,$70.94,3,$78.00,8,3.5,$71.49,-0.78%,-0.78%,$70.94,$78.00,$73.61,2.97%,$0.00,-100.00%,$0.00,-100.00%,NGG,NYSE:NGG
NYSE:NGVT,23 Aug 2025,$70.77,4,$54.67,7,,$56.82,-3.78%,,,,$56.10,-1.27%,$99.13,74.47%,$138.02,142.90%,NGVT,NYSE:NGVT
NYSE:NIC,3 Jun 2025,$108.07,3,$122.33,5,,$131.66,-17.92%,,,,$138.06,4.86%,-$181.45,-237.82%,-$163.65,-224.30%,NIC,NYSE:NIC
NYSE:NKE,10 May 2024,$109.44,3,,,,$70.75,54.69%,,,,$73.62,4.06%,$0.00,-100.00%,$0.00,-100.00%,NKE,NYSE:NKE
NASDAQ:NMFC,10 Jun 2024,$13.42,3,,,,$9.67,38.78%,,,,$10.26,6.10%,$2.30,-76.19%,$14.76,52.60%,NMFC,NASDAQ:NMFC
NASDAQ:NMIH,6 Mar 2024,$30.63,3,,,,$38.76,-20.96%,,,,$40.12,3.51%,$138.49,257.30%,$139.83,260.75%,NMIH,NASDAQ:NMIH
NYSE:NMR,23 Aug 2025,$7.68,3,,7,,$7.38,4.07%,,,,$7.68,4.07%,-$56.00,-858.81%,-$53.30,-822.16%,NMR,NYSE:NMR
NYSE:NNN,16 Sep 2025,$49.73,5,$44.93,5,3.75,$42.09,6.75%,6.75%,$44.93,$49.73,$43.56,3.49%,$61.02,44.98%,$75.89,80.31%,NNN,NYSE:NNN
NYSE:NOK,4 Aug 2025,$5.41,5,$6.13,8,,$4.74,14.03%,,,,$4.98,5.06%,$3.93,-17.18%,$6.10,28.75%,NOK,NYSE:NOK
NYSE:NOMD,14 Sep 2025,$17.68,5,$19.25,9,4.75,$13.33,32.65%,32.65%,$17.68,$19.25,$13.68,2.63%,$3.47,-73.95%,$11.68,-12.37%,NOMD,NYSE:NOMD
NYSE:NOV,21 Jul 2025,$17.42,3,$15.75,4,,$13.18,19.50%,,,,$13.73,4.17%,$17.67,34.05%,$30.26,129.61%,NOV,NYSE:NOV
NYSE:NPO,1 Sep 2025,$201.93,1,$240.00,5,1.75,$222.95,-9.43%,-9.43%,$201.93,$240.00,$221.88,-0.48%,$263.80,18.32%,$312.85,40.32%,NPO,NYSE:NPO
NYSE:NRG,18 Sep 2025,$102.90,1,,,1,$167.37,-38.52%,-38.52%,$102.90,$102.90,$166.16,-0.72%,$58.41,-65.10%,$109.06,-34.84%,NRG,NYSE:NRG
NYSE:NSA,19 Aug 2025,$45.71,3,$33.59,2,,$29.85,12.53%,,,,$30.89,3.48%,$25.45,-14.74%,$51.53,72.63%,NSA,NYSE:NSA
NYSE:NSC,31 May 2024,$224.71,3,,,,$293.99,-23.57%,,,,$303.26,3.15%,$303.85,3.36%,$390.76,32.91%,NSC,NYSE:NSC
NYSE:NU,10 Sep 2025,$13.22,3,,,3,$16.20,-18.40%,-18.40%,$13.22,$13.22,$17.05,5.25%,$37.86,133.73%,$38.18,135.68%,NU,NYSE:NU
NYSE:NUE,20 Aug 2024,$172.03,4,,,,$135.75,26.73%,,,,$141.13,3.96%,$300.50,121.36%,$159.71,17.65%,NUE,NYSE:NUE
NASDAQ:NVMI,15 Aug 2025,$276.44,3,$300.00,8,,$309.31,-10.63%,,,,$305.37,-1.27%,$405.56,31.12%,$418.46,35.29%,NVMI,NASDAQ:NVMI
NYSE:NVO,20 Aug 2025,$67.89,3,$68.50,6,,$58.58,15.90%,,,,$61.70,5.33%,$124.33,112.23%,$139.89,138.81%,NVO,NYSE:NVO
NYSE:NVR,8 Jul 2024,"$6,194.00",2,,,,"$8,026.59",-22.83%,,,,"$7,896.18",-1.62%,"$9,609.06",19.72%,"$9,689.29",20.71%,NVR,NYSE:NVR
NYSE:NVRI,31 May 2024,$10.35,3,,,,$12.27,-15.69%,,,,$13.00,5.95%,-$13.16,-207.28%,-$1.67,-113.62%,NVRI,NYSE:NVRI
NYSE:NVST,20 Aug 2025,$24.25,4,$22.30,9,,$20.89,6.75%,,,,$21.71,3.93%,$30.04,43.79%,$29.15,39.54%,NVST,NYSE:NVST
NYSE:NVT,19 Aug 2025,$88.41,3,,,,$97.87,-9.66%,,,,$102.92,5.16%,$114.77,17.27%,$122.00,24.65%,NVT,NYSE:NVT
NASDAQ:NVTS,22 Aug 2025,$5.83,3,$6.88,3,,$7.05,-17.36%,,,,$6.78,-3.83%,$6.65,-5.65%,$7.91,12.14%,NVTS,NASDAQ:NVTS
NYSE:NWG,18 Aug 2025,$12.85,3,,,,$14.00,-8.23%,,,,$14.68,4.86%,-$49.95,-456.78%,-$49.57,-454.08%,NWG,NYSE:NWG
NYSE:NX,16 Aug 2025,$26.24,3,,1,,$14.02,87.18%,,,,$14.83,5.78%,$37.14,164.88%,$73.24,422.40%,NX,NYSE:NX
NYSE:NXRT,25 Aug 2025,$38.18,4,$36.33,3,,$32.40,12.13%,,,,$34.47,6.39%,$12.05,-62.79%,$63.79,96.89%,NXRT,NYSE:NXRT
NYSE:O,23 Sep 2025,$70.69,5,$62.00,9,4.75,$59.77,3.73%,3.73%,$62.00,$70.69,$62.22,4.10%,$85.20,42.55%,$135.16,126.14%,O,NYSE:O
NYSE:OBK,1 Sep 2025,$41.52,3,$43.25,6,3,$35.72,16.23%,16.23%,$41.52,$43.25,$37.89,6.08%,-$196.15,-649.13%,-$190.77,-634.07%,OBK,NYSE:OBK
NYSE:OC,30 Sep 2024,$164.18,3,,,,$145.82,12.59%,,,,$152.28,4.43%,$117.29,-19.56%,$199.56,36.86%,OC,NYSE:OC
NYSE:OGE,18 Sep 2025,$40.98,2,,,2,$45.12,-9.18%,-9.18%,$40.98,$40.98,$46.72,3.55%,$7.39,-83.62%,$35.48,-21.38%,OGE,NYSE:OGE
NYSE:OHI,19 Sep 2025,$47.91,5,$42.40,7,4.25,$41.66,1.78%,1.78%,$42.40,$47.91,$43.41,4.20%,$48.45,16.29%,$60.84,46.03%,OHI,NYSE:OHI
NYSE:OI,2 Sep 2025,$17.69,4,$17.29,9,4.25,$13.28,30.20%,30.20%,$17.29,$17.69,$13.19,-0.68%,-$17.74,-233.60%,$24.72,86.11%,OI,NYSE:OI
NASDAQ:OMAB,13 Jun 2025,$92.66,2,$106.00,9,,$105.53,-12.20%,,,,$106.55,0.97%,$195.86,85.59%,$215.30,104.02%,OMAB,NASDAQ:OMAB
NYSE:ONIT,26 Mar 2025,$40.67,4,$42.50,5,,$41.73,-2.54%,,,,$42.97,2.97%,-$941.33,-2355.77%,-$926.93,-2321.26%,ONIT,NYSE:ONIT
NYSE:ONON,15 Aug 2025,$41.55,2,,,,$45.83,-9.34%,,,,$45.83,0.00%,$62.16,35.63%,$69.15,50.89%,ONON,NYSE:ONON
NYSE:OPY,23 Aug 2025,$68.83,3,,,,$77.32,-10.98%,,,,$81.83,5.83%,$314.42,306.65%,$294.80,281.27%,OPY,NYSE:OPY
NYSE:ORI,28 Mar 2024,$29.62,3,,,,$41.37,-28.40%,,,,$42.19,1.98%,-$23.18,-156.02%,-$22.84,-155.21%,ORI,NYSE:ORI
NASDAQ:ORKA,23 Aug 2025,$26.17,3,,,,$15.44,69.52%,,,,$15.47,0.19%,$0.00,-100.00%,$0.00,-100.00%,ORKA,NASDAQ:ORKA
NASDAQ:ORRF,4 Sep 2025,$35.14,3,$39.00,5,2.75,$35.00,0.40%,0.40%,$35.14,$39.00,$36.84,5.26%,-$129.95,-471.27%,-$117.30,-435.14%,ORRF,NASDAQ:ORRF
NASDAQ:OSW,29 Nov 2024,$17.98,3,,,,$21.47,-16.26%,,,,$22.93,6.80%,$32.25,50.22%,$36.65,70.73%,OSW,NASDAQ:OSW
NYSE:OVV,18 Aug 2025,$55.37,3,,,,$43.13,28.37%,,,,$44.32,2.76%,$79.52,84.37%,$164.45,281.30%,OVV,NYSE:OVV
NASDAQ:OXSQ,19 Aug 2025,$2.97,4,$2.50,4,,$1.73,44.51%,,,,$1.93,11.56%,$6.26,261.93%,"$7,689,547.88",444482436.15%,OXSQ,NASDAQ:OXSQ
NYSE:OXY,18 Aug 2025,$59.40,3,$47.78,4,,$47.05,1.55%,,,,$48.87,3.87%,$45.65,-2.98%,$198.45,321.78%,OXY,NYSE:OXY
NYSE:PAC,13 Jun 2025,$210.00,3,$236.70,6,,$247.71,-15.22%,,,,$254.05,2.56%,$502.27,102.77%,$582.81,135.28%,PAC,NYSE:PAC
NYSE:PAGS,9 Sep 2025,$13.14,3,$11.50,9,3.75,$10.25,12.20%,12.20%,$11.50,$13.14,$10.72,4.59%,$66.93,552.97%,$101.24,887.69%,PAGS,NYSE:PAGS
NASDAQ:PANW,20 Aug 2025,$177.95,3,,,,$203.19,-12.42%,,,,$215.46,6.04%,$251.74,23.89%,$255.96,25.97%,PANW,NASDAQ:PANW
NYSE:PAR,19 Aug 2025,$40.18,2,,,,$41.51,-3.22%,,,,$44.26,6.62%,$30.80,-25.81%,$33.60,-19.05%,PAR,NYSE:PAR
NASDAQ:PAYO,3 Sep 2025,$7.80,3,$10.50,7,3.25,$6.58,18.48%,18.48%,$7.80,$10.50,$6.97,5.93%,$0.24,-96.37%,$3.19,-51.54%,PAYO,NASDAQ:PAYO
NASDAQ:PAYX,19 Aug 2025,$129.02,2,,,,$128.86,0.12%,,,,$134.21,4.15%,$0.00,-100.00%,$0.00,-100.00%,PAYX,NASDAQ:PAYX
NYSE:PBA,16 Sep 2025,$40.71,4,$41.47,8,4,$56.10,-27.44%,-27.44%,$40.71,$41.47,$40.23,-28.29%,$71.26,27.02%,$93.94,67.46%,PBA,TSE:PPL
NYSE:PBI,19 Aug 2025,$11.44,3,$11.50,7,,$12.03,-4.90%,,,,$11.93,-0.83%,$18.10,50.42%,$27.56,129.07%,PBI,NYSE:PBI
NYSE:PBR,9 Sep 2025,$14.39,5,$14.87,5,3.75,$13.39,7.50%,7.50%,$14.39,$14.87,$13.55,1.19%,$23.05,72.18%,$82.58,516.70%,PBR,NYSE:PBR
NYSE:PBR.A,6 Jun 2025,$12.35,4,,,,$12.25,0.84%,,,,$12.00,-2.04%,$53.92,340.14%,$148.78,1114.49%,PBR.A,NYSE:PBR.A
NASDAQ:PCSA,10 Jul 2025,$0.30,3,,,,$0.21,42.86%,,,,,-100.00%,-$2.00,-1052.38%,-$2.00,-1052.38%,PCSA,NASDAQ:PCSA
NASDAQ:PDD,20 Aug 2025,$133.52,3,$124.92,5,,#N/A,#N/A,,,,$127.24,#N/A,$267.19,#N/A,$268.14,#N/A,PDD,HKEX:9999
NYSE:PDM,14 Jul 2025,$11.58,4,$8.50,6,,$8.90,-4.49%,,,,$8.85,-0.56%,-$6.97,-178.29%,$6.83,-23.22%,PDM,NYSE:PDM
NYSE:PFE,23 Sep 2025,$33.22,5,$27.86,8,4.5,$24.15,15.36%,15.36%,$27.86,$33.22,$25.20,4.35%,$28.36,17.43%,$13.34,-44.76%,PFE,NYSE:PFE
NYSE:PFGC,4 Sep 2025,$88.60,1,,,1,$104.32,-15.07%,-15.07%,$88.60,$88.60,$107.25,2.81%,$113.64,8.93%,$200.86,92.54%,PFGC,NYSE:PFGC
NYSE:PFSI,4 Oct 2024,$102.39,3,,,,$122.53,-16.44%,,,,$127.56,4.11%,$174.37,42.31%,$187.73,53.21%,PFSI,NYSE:PFSI
NYSE:PGR,18 Sep 2025,$210.79,1,,,1,$238.95,-11.79%,-11.79%,$210.79,$210.79,$249.59,4.45%,$570.12,138.60%,$579.81,142.65%,PGR,NYSE:PGR
NYSE:PH,3 Jul 2024,$534.00,1,$759.92,6,,$759.24,-29.67%,,,,$764.22,0.66%,"$1,354.67",78.42%,"$1,485.51",95.66%,PH,NYSE:PH
NYSE:PHM,31 May 2024,$115.27,3,,,,$132.24,-12.83%,,,,$127.14,-3.86%,$210.43,59.13%,$219.42,65.93%,PHM,NYSE:PHM
NYSE:PIPR,3 Sep 2025,$295.81,3,,,3,$360.76,-18.01%,-18.01%,$295.81,$295.81,$366.30,1.54%,$398.17,10.37%,$413.60,14.65%,PIPR,NYSE:PIPR
NYSE:PL,7 Jul 2025,$5.02,3,,,,$12.09,-58.48%,,,,$12.45,2.98%,$16.58,37.13%,$18.12,49.88%,PL,NYSE:PL
NASDAQ:PLMR,16 Sep 2025,$107.46,3,,,3,$117.11,-8.24%,-8.24%,$107.46,$107.46,$119.74,2.25%,$341.57,191.66%,$341.91,191.95%,PLMR,NASDAQ:PLMR
NYSE:PLNT,4 Sep 2025,$92.00,1,,,1,$104.61,-12.06%,-12.06%,$92.00,$92.00,$100.33,-4.09%,$77.37,-26.04%,$110.43,5.57%,PLNT,NYSE:PLNT
NYSE:PLOW,20 Sep 2024,$36.15,4,,,,$31.96,13.11%,,,,$33.76,5.63%,$192.41,502.03%,$147.84,362.58%,PLOW,NYSE:PLOW
NASDAQ:PLTR,14 Aug 2025,$120.98,1,,,,$181.54,-33.36%,,,,$178.71,-1.56%,$193.69,6.69%,$193.85,6.78%,PLTR,NASDAQ:PLTR
NASDAQ:PLUS,23 Sep 2025,$83.22,4,,7,3.75,$73.67,12.96%,12.96%,$83.22,$83.22,$76.71,4.13%,$284.39,286.04%,$300.61,308.05%,PLUS,NASDAQ:PLUS
NYSE:PM,25 Aug 2025,$144.36,2,,,,$164.51,-12.25%,,,,$170.72,3.77%,$190.93,16.06%,$203.60,23.76%,PM,NYSE:PM
NASDAQ:PMTS,26 Aug 2025,$22.24,3,,,,$15.89,39.97%,,,,$16.51,3.90%,-$11.77,-174.10%,$6.91,-56.49%,PMTS,NASDAQ:PMTS
NASDAQ:PNFP,28 Jul 2025,$101.11,3,$121.91,7,,$95.78,5.57%,,,,$100.27,4.69%,-$326.39,-440.77%,-$307.33,-420.87%,PNFP,NASDAQ:PNFP
NYSE:PNR,19 Aug 2025,$94.73,2,,,,$109.10,-13.18%,,,,$110.22,1.03%,$257.17,135.72%,$259.00,137.40%,PNR,NYSE:PNR
NASDAQ:POOL,23 Aug 2025,$310.70,3,,,,$312.50,-0.58%,,,,$324.85,3.95%,$435.30,39.30%,$446.99,43.04%,POOL,NASDAQ:POOL
NYSE:POST,16 Sep 2025,$117.29,5,$127.50,6,4,$105.71,10.95%,10.95%,$117.29,$127.50,$104.01,-1.61%,$26.49,-74.94%,$122.48,15.86%,POST,NYSE:POST
NASDAQ:PPC,19 Aug 2025,$43.27,2,,,,$41.14,5.17%,,,,$40.95,-0.46%,$111.46,170.92%,$145.73,254.22%,PPC,NASDAQ:PPC
NASDAQ:PPIH,5 Sep 2025,$26.95,3,,,3,$23.03,17.02%,17.02%,$26.95,$26.95,$23.97,4.08%,$36.40,58.04%,$42.09,82.76%,PPIH,NASDAQ:PPIH
NYSE:PR,16 Sep 2025,$16.64,5,$18.38,7,4.25,$13.93,19.45%,19.45%,$16.64,$18.38,$14.40,3.37%,$21.58,54.90%,$46.87,236.44%,PR,NYSE:PR
NYSE:PRIM,23 Aug 2024,$53.96,3,,,,$132.95,-59.41%,,,,$132.04,-0.68%,$146.71,10.35%,$177.48,33.49%,PRIM,NYSE:PRIM
NASDAQ:PROK,10 Jul 2025,,,$4.50,7,,$2.76,63.04%,,,,$2.64,-4.35%,$0.56,-79.81%,$0.65,-76.35%,PROK,NASDAQ:PROK
NASDAQ:PSNY,29 Nov 2024,$1.30,3,,,,$1.00,30.00%,,,,$1.04,4.00%,$0.00,-100.00%,$0.00,-100.00%,PSNY,NASDAQ:PSNY
NYSE:PSTG,19 Aug 2025,$64.73,3,,,,$86.27,-24.97%,,,,$91.89,6.51%,$107.25,24.32%,$113.06,31.05%,PSTG,NYSE:PSTG
NYSE:PSX,20 Aug 2025,$126.82,3,,,,$136.26,-6.93%,,,,$131.55,-3.46%,$67.53,-50.44%,$144.82,6.28%,PSX,NYSE:PSX
NASDAQ:PTEN,21 Jul 2025,$10.35,3,$8.03,2,,$5.58,43.91%,,,,$5.46,-2.15%,$21.74,289.59%,$49.88,793.97%,PTEN,NASDAQ:PTEN
NASDAQ:PTLO,3 Sep 2025,$9.81,4,$11.13,9,4.25,$6.51,50.72%,50.72%,$9.81,$11.13,$6.72,3.23%,-$5.28,-181.03%,$0.02,-99.77%,PTLO,NASDAQ:PTLO
NYSE:PWR,23 Aug 2025,$272.00,1,,,,$403.25,-32.55%,,,,$391.25,-2.98%,$397.68,-1.38%,$497.70,23.42%,PWR,NYSE:PWR
NASDAQ:PZZA,18 Sep 2025,$56.89,4,$48.40,9,4.25,$46.10,4.99%,4.99%,$48.40,$56.89,$48.29,4.75%,$28.89,-37.32%,$51.68,12.11%,PZZA,NASDAQ:PZZA
NASDAQ:QCRH,5 Sep 2025,$82.47,3,$90.50,6,3,$78.07,5.64%,5.64%,$82.47,$90.50,$82.33,5.46%,-$270.57,-446.57%,-$257.91,-430.35%,QCRH,NASDAQ:QCRH
NASDAQ:QFIN,9 Sep 2025,$29.99,3,$48.39,5,2.75,$31.48,-4.74%,-4.74%,$29.99,$48.39,$33.55,6.58%,$193.36,514.23%,$193.83,515.71%,QFIN,NASDAQ:QFIN
NYSE:QGEN,19 Aug 2025,$51.25,3,,,,$45.13,13.57%,,,,$46.69,3.46%,$60.41,33.86%,$69.83,54.73%,QGEN,NYSE:QGEN
NYSE:QSR,23 Sep 2025,$73.02,5,$76.82,9,4.75,$64.17,13.79%,13.79%,$73.02,$76.82,$66.66,3.88%,$61.13,-4.73%,$71.54,11.49%,QSR,NYSE:QSR
NYSE:QUAD,26 Aug 2025,$8.57,4,$9.30,9,,$6.55,30.91%,,,,$6.95,6.11%,$38.40,486.20%,$80.94,1135.73%,QUAD,NYSE:QUAD
NYSE:QXO,19 Aug 2025,$30.22,3,$31.06,10,,$19.79,52.69%,,,,$20.64,4.30%,$13.49,-31.86%,$13.63,-31.14%,QXO,NYSE:QXO
NASDAQ:RAIL,23 Aug 2025,$6.88,3,,,,$9.34,-26.31%,,,,$10.38,11.13%,$12.19,30.53%,$16.48,76.46%,RAIL,NASDAQ:RAIL
NYSE:RBC,23 Aug 2025,$337.00,1,,,,$382.67,-11.93%,,,,$398.85,4.23%,$559.34,46.17%,$627.27,63.92%,RBC,NYSE:RBC
NYSE:RBRK,20 Aug 2025,$54.72,2,,,,$80.11,-31.69%,,,,$86.45,7.91%,$82.85,3.42%,$86.40,7.85%,RBRK,NYSE:RBRK
NYSE:RC,1 Sep 2025,$5.36,3,$4.15,4,2.5,$4.26,-2.58%,-2.58%,$4.15,$5.36,$4.39,3.05%,-$15.01,-452.36%,-$15.86,-472.28%,RC,NYSE:RC
NYSE:RDN,8 Jul 2024,$34.84,4,,,,$36.19,-3.74%,,,,$36.46,0.75%,$19.59,-45.87%,$21.58,-40.37%,RDN,NYSE:RDN
NYSE:RDW,21 Jul 2025,$13.29,2,,,,$9.81,35.44%,,,,$9.56,-2.55%,$6.59,-32.84%,$7.91,-19.41%,RDW,NYSE:RDW
NASDAQ:REG,,,,,,,$71.25,-100.00%,,,,$73.44,3.07%,$89.35,25.40%,$110.23,54.71%,REG,NASDAQ:REG
NYSEAMERICAN:REI,20 Aug 2025,,,$2.99,3,,$1.07,179.44%,,,,$1.10,2.80%,$0.42,-60.45%,$5.91,452.76%,REI,NYSEAMERICAN:REI
NASDAQ:REKR,3 Sep 2025,$1.44,3,$3.13,6,3,$1.81,-20.44%,-20.44%,$1.44,$3.13,$2.02,11.60%,$0.80,-55.67%,$0.97,-46.66%,REKR,NASDAQ:REKR
NYSE:RELX,19 Aug 2025,$47.40,3,,,,$46.58,1.76%,,,,$48.56,4.25%,$0.00,-100.00%,$0.00,-100.00%,RELX,NYSE:RELX
NYSEAMERICAN:REPX,18 Sep 2025,,,$49.50,5,2.5,$28.09,76.22%,76.22%,$49.50,$49.50,$29.33,4.41%,$23.12,-17.69%,$83.56,197.47%,REPX,NYSEAMERICAN:REPX
NYSE:REVG,24 Oct 2024,$28.28,3,,,,$58.35,-51.53%,,,,$62.39,6.92%,$108.76,86.39%,$117.75,101.81%,REVG,NYSE:REVG
NASDAQ:REYN,7 Feb 2024,$28.86,3,,,,$22.92,25.90%,,,,$23.10,0.79%,$27.49,19.92%,$37.40,63.20%,REYN,NASDAQ:REYN
NYSE:REZI,17 Aug 2025,$32.83,3,$32.00,9,,$41.40,-22.71%,,,,$43.74,5.65%,$65.76,58.85%,$82.51,99.30%,REZI,NYSE:REZI
NYSE:RF,12 Aug 2025,$25.32,3,$28.09,8,,$26.74,-5.30%,,,,$28.32,5.91%,-$92.46,-445.78%,-$91.24,-441.20%,RF,NYSE:RF
NASDAQ:RGLD,16 Aug 2025,$142.50,1,,,,$191.55,-25.61%,,,,$199.09,3.94%,$231.75,20.98%,$266.88,39.33%,RGLD,NASDAQ:RGLD
NASDAQ:RGTI,28 Jul 2025,$11.56,2,,,,$31.55,-63.35%,,,,$33.00,4.60%,$30.85,-2.22%,$30.91,-2.03%,RGTI,NASDAQ:RGTI
NYSE:RH,31 Jul 2024,$352.46,3,,,,$219.62,60.49%,,,,$230.17,4.80%,$0.00,-100.00%,$0.00,-100.00%,RH,NYSE:RH
NYSE:RIO,18 Aug 2025,$75.60,5,$64.00,8,,$63.75,0.39%,,,,$65.04,2.02%,$0.00,-100.00%,$0.00,-100.00%,RIO,NYSE:RIO
NYSE:RITM,12 Aug 2025,$14.18,4,$14.06,8,,$11.73,19.86%,,,,$12.11,3.24%,-$6.42,-154.72%,-$6.65,-156.72%,RITM,NYSE:RITM
NASDAQ:RIVN,27 Dec 2024,$16.68,3,$14.63,7,,$15.52,-5.73%,,,,$16.01,3.16%,$23.72,52.80%,$31.22,101.17%,RIVN,NASDAQ:RIVN
NYSE:RJF,27 Aug 2025,$154.00,3,,,3,$174.73,-11.86%,-11.86%,$154.00,$154.00,$181.68,3.98%,$29.77,-82.96%,$47.29,-72.93%,RJF,NYSE:RJF
NYSE:RKT,5 Mar 2025,$14.85,3,$13.29,3,,$19.56,-32.06%,,,,$20.84,6.54%,$129.79,563.54%,$122.94,528.51%,RKT,NYSE:RKT
NYSE:RLX,25 Aug 2025,$2.18,3,,,,$2.53,-13.64%,,,,$2.62,3.56%,$3.90,54.16%,$4.02,58.86%,RLX,NYSE:RLX
NYSE:RM,23 Aug 2025,$53.02,4,$35.00,7,,$43.48,-19.50%,,,,$46.05,5.91%,$379.90,773.74%,$407.41,837.00%,RM,NYSE:RM
NYSE:RNR,9 Sep 2025,$267.70,4,$269.36,7,3.75,$246.90,8.43%,8.43%,$267.70,$269.36,$250.62,1.51%,$743.99,201.33%,$761.48,208.42%,RNR,NYSE:RNR
NASDAQ:ROAD,19 Jun 2025,$83.82,1,,,,$131.75,-36.38%,,,,$133.92,1.65%,$156.90,19.09%,$212.36,61.18%,ROAD,NASDAQ:ROAD
NASDAQ:ROP,2 May 2025,$525.02,3,$640.91,8,,$505.00,3.97%,,,,$523.53,3.67%,$646.00,27.92%,$793.73,57.17%,ROP,NASDAQ:ROP
NASDAQ:ROST,16 Sep 2025,$141.75,2,,,2,$149.79,-5.37%,-5.37%,$141.75,$141.75,$151.32,1.02%,$234.05,56.26%,$261.65,74.68%,ROST,NASDAQ:ROST
NASDAQ:RPAY,2 Sep 2025,$8.53,3,$7.31,3,2.25,$5.33,37.15%,37.15%,$7.31,$8.53,$5.86,9.94%,$17.24,223.45%,$47.80,796.73%,RPAY,NASDAQ:RPAY
NYSE:RS,24 Aug 2025,$278.17,3,$327.75,9,,$285.18,-2.46%,,,,$294.46,3.25%,$368.46,29.20%,$421.74,47.89%,RS,NYSE:RS
NYSE:RTX,18 Aug 2025,$145.60,2,$168.14,8,,$162.92,-10.63%,,,,$166.63,2.28%,$175.54,7.75%,$150.78,-7.45%,RTX,NYSE:RTX
NYSE:RYI,24 Aug 2025,$26.20,3,$24.00,4,,$22.71,5.68%,,,,$23.23,2.29%,$5.83,-74.34%,$38.00,67.33%,RYI,NYSE:RYI
NYSE:SAN,11 Sep 2025,$7.72,2,,,2,$10.33,-25.24%,-25.24%,$7.72,$7.72,$10.60,2.61%,-$78.35,-858.47%,-$80.38,-878.12%,SAN,NYSE:SAN
NYSE:SBS,17 Feb 2025,$17.73,3,$23.20,10,,$24.62,-27.99%,,,,$24.66,0.16%,$43.72,77.59%,$61.52,149.89%,SBS,NYSE:SBS
NYSE:SCHW,22 Aug 2025,$93.88,3,$104.93,4,,$92.77,1.20%,,,,$96.61,4.14%,$24.88,-73.18%,$14.77,-84.08%,SCHW,NYSE:SCHW
NASDAQ:SCNX,6 Jun 2025,$1.16,3,,,,$0.86,34.65%,,,,$0.86,0.00%,$4.63,438.50%,$4.75,452.02%,SCNX,NASDAQ:SCNX
NYSE:SCS,28 Oct 2024,$12.86,3,,,,$16.78,-23.36%,,,,$17.71,5.54%,$0.00,-100.00%,$0.00,-100.00%,SCS,NYSE:SCS
NASDAQ:SCSC,23 Aug 2025,$61.68,4,$45.00,3,,$44.55,1.01%,,,,$43.72,-1.86%,$32.91,-26.12%,$46.28,3.88%,SCSC,NASDAQ:SCSC
NYSE:SE,19 Aug 2025,$134.13,1,,,,$188.35,-28.79%,,,,$185.74,-1.39%,$284.50,51.05%,$285.93,51.81%,SE,NYSE:SE
NASDAQ:SEIC,27 Aug 2025,$87.30,2,,,2,$86.37,1.08%,1.08%,$87.30,$87.30,$89.93,4.12%,$143.41,66.04%,$154.07,78.38%,SEIC,NASDAQ:SEIC
NYSE:SEM,18 Sep 2025,$20.87,3,$16.80,7,3.25,$12.53,34.08%,34.08%,$16.80,$20.87,$19.48,55.47%,-$1.47,-111.71%,$11.25,-10.22%,SEM,NYSE:SEM
NYSE:SF,27 Aug 2025,$111.79,3,,,3,$114.60,-2.45%,-2.45%,$111.79,$111.79,$115.96,1.19%,$0.10,-99.91%,$8.40,-92.67%,SF,NYSE:SF
NASDAQ:SFNC,23 Aug 2025,$22.67,3,$22.20,6,,$19.74,12.46%,,,,$21.00,6.38%,-$116.87,-692.04%,-$113.87,-676.85%,SFNC,NASDAQ:SFNC
NASDAQ:SFST,23 Aug 2025,$40.90,3,,,,$45.40,-9.91%,,,,$47.16,3.88%,-$387.73,-954.02%,-$381.99,-941.40%,SFST,NASDAQ:SFST
NASDAQ:SGML,12 Aug 2025,$7.24,3,,,,$6.47,11.92%,,,,$6.12,-5.41%,$16.68,157.76%,$17.86,176.00%,SGML,NASDAQ:SGML
NASDAQ:SGRY,24 Aug 2025,$30.88,4,$30.70,8,,$21.85,40.50%,,,,$22.57,3.30%,$12.53,-42.67%,$29.12,33.28%,SGRY,NASDAQ:SGRY
NYSE:SHAK,19 Sep 2025,$85.64,2,$132.93,5,2.25,$97.29,-11.97%,-11.97%,$85.64,$132.93,$105.34,8.27%,$105.83,8.78%,$142.15,46.11%,SHAK,NYSE:SHAK
NYSE:SHG,1 Sep 2025,$46.93,3,,6,3,$48.73,-3.69%,-3.69%,$46.93,$46.93,$52.30,7.33%,-$547.44,-1223.41%,-$528.38,-1184.30%,SHG,NYSE:SHG
NASDAQ:SHOT,18 Aug 2025,$1.33,3,$0.50,5,,$0.28,78.57%,,,,$0.28,0.00%,$0.05,-83.51%,$0.05,-81.61%,SHOT,NASDAQ:SHOT
NYSE:SHW,15 May 2024,$256.70,1,,,,$345.87,-25.78%,,,,$354.59,2.52%,$514.95,48.89%,$561.90,62.46%,SHW,NYSE:SHW
NYSE:SIG,12 Jul 2024,$105.67,3,,,,$96.94,9.01%,,,,$99.73,2.88%,$93.55,-3.50%,$131.17,35.31%,SIG,NYSE:SIG
NASDAQ:SIRI,5 May 2025,$31.75,3,$22.14,6,,$22.92,-3.40%,,,,$24.15,5.37%,$37.50,63.63%,$59.21,158.32%,SIRI,NASDAQ:SIRI
NYSE:SITC,18 Sep 2025,$11.72,3,$13.00,7,3.25,$8.71,34.56%,34.56%,$11.72,$13.00,$9.22,5.86%,$54.21,522.36%,$108.04,1140.36%,SITC,NYSE:SITC
NYSE:SJM,18 Aug 2025,$126.48,5,$113.93,4,,$109.70,3.86%,,,,$107.55,-1.96%,$102.59,-6.48%,$43.61,-60.24%,SJM,NYSE:SJM
NASDAQ:SKWD,26 Aug 2025,$42.11,3,,,,$47.41,-11.17%,,,,$48.97,3.29%,$116.55,145.84%,$116.62,145.98%,SKWD,NASDAQ:SKWD
NYSE:SKY,15 Nov 2023,$69.13,3,,,,$75.61,-8.57%,,,,$72.79,-3.73%,$123.01,62.69%,$131.12,73.42%,SKY,NYSE:SKY
NYSE:SLB,3 Sep 2025,$45.33,3,$48.35,8,3.5,$34.83,30.16%,30.16%,$45.33,$48.35,$35.92,3.13%,$59.61,71.14%,$89.39,156.64%,SLB,NYSE:SLB
NYSE:SLGN,29 Aug 2025,$46.96,3,$59.57,7,3.25,$42.11,11.52%,11.52%,$46.96,$59.57,$43.85,4.13%,$142.03,237.28%,$143.84,241.59%,SLGN,NYSE:SLGN
NASDAQ:SLM,18 Aug 2025,$0.02,3,,,,$28.32,-99.94%,,,,$29.70,4.87%,-$92.49,-426.59%,-$90.64,-420.07%,SLM,NASDAQ:SLM
NYSE:SM,20 Sep 2025,$40.61,3,$36.25,6,3,$27.58,31.44%,31.44%,$36.25,$40.61,$28.66,3.92%,$21.19,-23.17%,$6.09,-77.92%,SM,NYSE:SM
NYSE:SMFG,19 Aug 2025,$16.00,3,,,,$16.96,-5.64%,,,,$17.65,4.07%,-$204.16,-1303.76%,-$198.99,-1273.31%,SMFG,NYSE:SMFG
NYSE:SNDA,15 Nov 2024,$24.98,3,,,,$28.46,-12.23%,,,,$29.43,3.41%,-$7.53,-126.46%,$30.41,6.87%,SNDA,NYSE:SNDA
NYSE:SO,18 Sep 2025,$86.56,2,,,2,$93.77,-7.69%,-7.69%,$86.56,$86.56,$96.99,3.43%,$16.60,-82.30%,$48.27,-48.53%,SO,NYSE:SO
NASDAQ:SOFI,7 Jul 2025,$14.49,2,,,,$29.02,-50.07%,,,,$30.95,6.65%,$16.58,-42.88%,$5.34,-81.59%,SOFI,NASDAQ:SOFI
NYSE:SON,23 Aug 2025,$57.44,3,$53.83,6,,$45.97,17.10%,,,,$46.03,0.13%,$33.26,-27.65%,$129.57,181.86%,SON,NYSE:SON
NYSE:SONY,11 Aug 2025,$26.73,3,$28.33,10,,$29.37,-8.98%,,,,$30.11,2.52%,$36.22,23.33%,$23.23,-20.90%,SONY,NYSE:SONY
NASDAQ:SOUN,28 Jul 2025,$8.77,2,,,,$17.96,-51.17%,,,,$19.66,9.47%,$17.47,-2.75%,$17.57,-2.20%,SOUN,NASDAQ:SOUN
NYSE:SPGI,18 Sep 2025,$544.45,3,,,3,$490.38,11.03%,11.03%,$544.45,$544.45,$529.15,7.91%,$664.80,35.57%,$716.91,46.19%,SPGI,NYSE:SPGI
NYSE:SPOT,19 May 2025,$495.00,2,$659.00,7,,$706.61,-29.95%,,,,$718.54,1.69%,$878.18,24.28%,$885.69,25.34%,SPOT,NYSE:SPOT
NASDAQ:SPTN,4 Sep 2025,$31.63,3,$26.90,8,3.5,$26.90,0.00%,0.00%,$26.90,$31.63,$27.44,2.01%,$64.86,141.11%,$109.07,305.46%,SPTN,NASDAQ:SPTN
NYSE:SPXC,16 May 2025,$153.79,3,$180.00,7,,$186.42,-17.50%,,,,$197.98,6.20%,$183.49,-1.57%,$207.66,11.40%,SPXC,NYSE:SPXC
NASDAQ:SSB,23 Aug 2025,$82.14,2,,,,#N/A,#N/A,,,,$106.01,#N/A,-$372.97,#N/A,-$346.74,#N/A,SSB,NASDAQ:SSB
NASDAQ:SSRM,19 Aug 2025,$11.31,2,,,,$23.09,-51.02%,,,,$24.11,4.42%,$34.54,49.57%,$36.23,56.91%,SSRM,NASDAQ:SSRM
NYSE:STAG,19 Aug 2025,$40.11,5,$38.25,9,,$35.15,8.82%,,,,$36.44,3.67%,$44.93,27.83%,$64.58,83.73%,STAG,NYSE:STAG
NYSE:STC,6 Jan 2025,$58.82,3,$83.00,2,,$74.34,-20.88%,,,,$76.70,3.17%,$80.83,8.73%,$103.07,38.65%,STC,NYSE:STC
NASDAQ:STKL,24 Aug 2025,$6.28,3,$10.00,3,,$6.11,2.72%,,,,$6.35,3.93%,$7.97,30.46%,$2.53,-58.60%,STKL,NASDAQ:STKL
NYSE:STLA,14 Aug 2025,$15.60,3,$10.43,1,,$9.65,8.08%,,,,$10.32,6.94%,$0.00,-100.00%,$0.00,-100.00%,STLA,NYSE:STLA
NASDAQ:STLD,20 Aug 2024,$128.16,3,,,,$137.32,-6.67%,,,,$137.56,0.17%,$121.04,-11.85%,$156.77,14.17%,STLD,NASDAQ:STLD
NYSE:STN,23 Aug 2024,$76.85,2,,,,$107.46,-28.48%,,,,$107.34,-0.11%,$137.67,28.11%,$174.53,62.42%,STN,NYSE:STN
NYSE:STR,20 Aug 2025,$25.59,5,$23.50,6,,#N/A,#N/A,,,,$17.22,#N/A,$32.65,#N/A,$75.06,#N/A,STR,NYSE:STR
NASDAQ:STRL,12 Jun 2025,$186.70,3,,,,$366.94,-49.12%,,,,$362.43,-1.23%,$529.49,44.30%,$570.71,55.53%,STRL,NASDAQ:STRL
NYSE:STT,10 Apr 2025,$89.48,4,$106.43,4,,$113.63,-21.26%,,,,$118.36,4.16%,-$309.87,-372.70%,-$277.44,-344.16%,STT,NYSE:STT
NYSE:STVN,16 Jun 2025,$26.55,3,$25.67,4,,$26.82,-4.29%,,,,$26.39,-1.60%,$17.30,-35.51%,$3.57,-86.67%,STVN,NYSE:STVN
NYSE:SU,20 Aug 2025,$42.59,4,$44.75,10,,$42.71,-0.29%,,,,$42.57,-0.33%,$51.83,21.35%,$95.68,124.03%,SU,NYSE:SU
NYSEAMERICAN:SVM,20 Aug 2025,,0,,1,,$6.02,-100.00%,,,,$6.57,9.14%,$10.64,76.66%,$13.87,130.36%,SVM,NYSEAMERICAN:SVM
NYSE:SW,22 Aug 2025,$50.29,5,$54.66,8,,$43.95,14.43%,,,,$43.91,-0.09%,$0.00,-100.00%,$0.00,-100.00%,SW,NYSE:SW
NASDAQ:SWIN,23 Aug 2025,$4.61,3,,,,$2.60,77.15%,,,,$2.55,-1.92%,$0.00,-100.00%,$0.00,-100.00%,SWIN,NASDAQ:SWIN
NYSE:SXI,10 Sep 2024,$158.19,3,,,,$205.58,-23.05%,,,,$204.38,-0.58%,$219.92,6.98%,$252.11,22.64%,SXI,NYSE:SXI
NYSE:SYY,23 Aug 2024,$74.21,3,,,,$82.19,-9.71%,,,,$84.32,2.59%,$172.35,109.69%,$213.37,159.60%,SYY,NYSE:SYY
NYSE:TAK,10 Apr 2025,$15.95,5,,7,,$15.02,6.16%,,,,$15.45,2.86%,$12.30,-18.08%,$28.63,90.60%,TAK,NYSE:TAK
NYSE:TAL,20 Aug 2025,$11.69,3,$12.31,4,,$11.14,4.93%,,,,$11.48,3.05%,$0.00,-100.00%,$0.00,-100.00%,TAL,NYSE:TAL
NYSE:TBBB,13 Jun 2025,$23.99,3,,,,$25.78,-6.95%,,,,$26.90,4.34%,$86.05,233.78%,$40.03,55.27%,TBBB,NYSE:TBBB
NASDAQ:TBBK,4 Apr 2025,$50.25,3,$69.00,5,,$78.55,-36.03%,,,,$84.13,7.10%,$38.86,-50.52%,$40.59,-48.33%,TBBK,NASDAQ:TBBK
NYSE:TD,19 Aug 2025,$67.13,3,$73.85,7,,$78.66,-14.66%,,,,$81.52,3.64%,-$199.12,-353.14%,-$183.81,-333.68%,TD,NYSE:TD
NYSE:TDG,20 Sep 2024,"$1,185.75",2,"$1,509.83",4,,"$1,317.02",-9.97%,,,,"$1,352.80",2.72%,"$1,560.01",18.45%,"$1,674.33",27.13%,TDG,NYSE:TDG
NYSE:TDOC,22 Aug 2025,$12.69,3,$9.06,7,,$8.45,7.22%,,,,$9.14,8.17%,$21.90,159.16%,$42.11,398.36%,TDOC,NYSE:TDOC
NYSE:TEO,18 Sep 2025,$8.99,5,$9.60,3,3.25,$7.65,17.52%,17.52%,$8.99,$9.60,$8.05,5.23%,$20.19,163.98%,$38.62,404.84%,TEO,NYSE:TEO
NYSE:TFC,18 Aug 2025,$43.76,3,$48.46,7,,$45.95,-4.77%,,,,$47.84,4.11%,-$267.23,-681.56%,-$259.94,-665.71%,TFC,NYSE:TFC
NYSE:TFPM,16 Aug 2025,$20.81,1,,,,$28.28,-26.41%,,,,$29.48,4.24%,$51.73,82.91%,$58.81,107.96%,TFPM,NYSE:TFPM
NYSE:TGI,10 Nov 2023,$16.21,3,,,,#N/A,#N/A,,,,$25.22,#N/A,$0.00,#N/A,$0.00,#N/A,TGI,NYSE:TGI
NYSE:TGLS,23 Aug 2025,$69.51,3,,1,,$68.64,1.27%,,,,$72.69,5.90%,$94.53,37.72%,$71.67,4.42%,TGLS,NYSE:TGLS
NYSE:TGS,10 Jul 2025,$26.49,3,$39.00,9,,$23.50,12.73%,,,,$22.74,-3.23%,$42.26,79.83%,$82.43,250.78%,TGS,NYSE:TGS
NYSE:THO,29 Jul 2024,$143.00,5,,,,$107.58,32.92%,,,,$107.61,0.03%,$0.00,-100.00%,$0.00,-100.00%,THO,NYSE:THO
NASDAQ:TIGR,20 Aug 2025,$9.89,3,$11.88,7,,$10.60,-6.75%,,,,$9.98,-5.85%,$25.72,142.62%,$26.28,147.94%,TIGR,NASDAQ:TIGR
NASDAQ:TILE,13 Feb 2025,$17.99,3,$30.00,7,,$29.25,-38.51%,,,,$30.78,5.23%,$48.29,65.08%,$62.16,112.52%,TILE,NASDAQ:TILE
NYSE:TJX,18 Aug 2025,$107.88,1,$144.77,9,,$140.81,-23.39%,,,,$145.03,3.00%,$206.70,46.79%,$226.28,60.70%,TJX,NYSE:TJX
NYSE:TKR,25 Aug 2025,$93.18,5,$85.50,8,,$76.60,11.62%,,,,$80.41,4.97%,$79.53,3.82%,$112.29,46.60%,TKR,NYSE:TKR
NASDAQ:TLRY,14 Aug 2025,$1.31,3,,,,$1.29,1.32%,,,,$1.19,-7.75%,$0.00,-100.00%,$0.00,-100.00%,TLRY,NASDAQ:TLRY
NASDAQ:TMC,18 Aug 2025,$4.39,3,,,,$6.35,-30.90%,,,,$5.85,-7.87%,$6.05,-4.73%,$6.05,-4.69%,TMC,NASDAQ:TMC
NYSE:TME,12 Aug 2025,$23.93,3,$19.85,8,,$23.34,-14.95%,,,,$23.40,0.26%,$45.50,94.95%,$46.53,99.35%,TME,NYSE:TME
NASDAQ:TOI,15 Aug 2025,$3.94,3,$6.25,8,,$3.49,12.87%,,,,$3.63,4.01%,$1.47,-57.78%,$2.41,-30.86%,TOI,NASDAQ:TOI
NYSE:TOL,14 May 2025,$143.86,5,$139.08,8,,$138.77,0.22%,,,,$134.61,-3.00%,$335.62,141.85%,$352.16,153.77%,TOL,NYSE:TOL
NYSE:TPB,18 Sep 2025,$86.86,3,,,3,$101.55,-14.47%,-14.47%,$86.86,$86.86,$108.34,6.69%,$112.93,11.21%,$117.77,15.97%,TPB,NYSE:TPB
NYSE:TPC,8 Oct 2024,$26.73,0,,,,$66.33,-59.70%,,,,$67.22,1.34%,$300.16,352.52%,$317.79,379.11%,TPC,NYSE:TPC
NYSE:TPL,9 Apr 2025,$774.67,2,,9,,$955.41,-18.92%,,,,$953.88,-0.16%,"$1,312.39",37.36%,"$1,385.65",45.03%,TPL,NYSE:TPL
NYSE:TPR,26 Aug 2025,$73.71,2,,,,$114.89,-35.84%,,,,$120.13,4.56%,$166.95,45.31%,$178.67,55.52%,TPR,NYSE:TPR
NASDAQ:TREE,11 Aug 2025,$78.94,3,$63.86,8,,$69.66,-8.33%,,,,$70.45,1.13%,$119.57,71.65%,$142.88,105.11%,TREE,NASDAQ:TREE
NYSE:TREX,9 Apr 2024,$83.55,2,,,,$51.80,61.30%,,,,$55.45,7.05%,$104.16,101.07%,$109.93,112.23%,TREX,NYSE:TREX
NYSE:TRGP,1 Sep 2025,$152.25,2,$206.29,6,2.5,$172.27,-11.62%,-11.62%,$152.25,$206.29,$176.42,2.41%,$152.31,-11.59%,$191.26,11.02%,TRGP,NYSE:TRGP
NASDAQ:TRI,26 Aug 2025,$160.83,2,,,,$160.12,0.44%,,,,$169.46,5.83%,$243.11,51.83%,$279.79,74.74%,TRI,NASDAQ:TRI
NYSE:TRN,23 Aug 2025,$33.90,4,$29.00,3,,$28.04,3.42%,,,,$29.88,6.56%,-$18.32,-165.32%,-$50.88,-281.46%,TRN,NYSE:TRN
NYSE:TRV,18 Sep 2025,$253.19,2,,,2,$275.46,-8.08%,-8.08%,$253.19,$253.19,$287.65,4.43%,$530.46,92.57%,$584.11,112.05%,TRV,NYSE:TRV
NASDAQ:TSCO,26 July 2024,$221.61,1,,,,$57.81,283.34%,,,,$60.29,4.29%,$88.05,52.31%,$98.78,70.88%,TSCO,NASDAQ:TSCO
NASDAQ:TSLA,11 Jan 2025,$227.23,2,$322.56,8,,$438.06,-48.13%,,,,$447.96,2.26%,$420.25,-4.06%,$437.28,-0.18%,TSLA,NASDAQ:TSLA
NYSE:TSN,9 May 2025,$71.67,5,$64.00,7,,$54.39,17.67%,,,,$54.00,-0.72%,$62.07,14.12%,$109.65,101.60%,TSN,NYSE:TSN
NYSE:TT,23 Aug 2025,$306.20,1,,,,$408.10,-24.97%,,,,$422.44,3.51%,$543.71,33.23%,$575.28,40.97%,TT,NYSE:TT
NYSE:TTC,3 Apr 2024,$80.79,2,,,,$76.80,5.19%,,,,$80.80,5.21%,$129.94,69.20%,$143.31,86.60%,TTC,NYSE:TTC
NYSE:TTE,2 Sep 2025,$72.82,5,$67.49,7,4.25,$53.59,25.94%,25.94%,$67.49,$72.82,$63.28,18.08%,$31.18,-41.82%,$97.92,82.72%,TTE,LON:TTE
NASDAQ:TTWO,23 Aug 2025,$180.50,1,,,,$244.44,-26.16%,,,,$264.01,8.01%,$256.59,4.97%,$296.05,21.11%,TTWO,NASDAQ:TTWO
NYSE:TUYA,19 Aug 2025,$2.34,3,,,,$2.58,-9.19%,,,,$2.59,0.39%,$5.27,104.28%,$5.35,107.41%,TUYA,NYSE:TUYA
NYSE:TV,5 Sep 2025,$3.75,5,$4.70,5,3.75,$2.74,36.93%,36.93%,$3.75,$4.70,$2.69,-1.82%,$14.31,422.26%,$35.58,1198.36%,TV,NYSE:TV
NYSE:TWI,20 Sep 2024,$12.61,3,,,,$7.60,65.88%,,,,$8.51,11.97%,$17.19,126.21%,$30.76,304.71%,TWI,NYSE:TWI
NASDAQ:TXRH,18 Sep 2025,$146.40,2,,,2,$161.06,-9.10%,-9.10%,$146.40,$146.40,$165.95,3.04%,$180.00,11.76%,$233.83,45.18%,TXRH,NASDAQ:TXRH
NYSE:TYL,24 Aug 2025,$541.31,3,$682.54,7,,$526.83,2.75%,,,,$555.08,5.36%,$663.77,25.99%,$726.30,37.86%,TYL,NYSE:TYL
NYSEAMERICAN:UAMY,3 Jul 2025,,1,$4.94,7,,$7.02,-29.63%,,,,$7.04,0.28%,$7.26,3.41%,$7.38,5.07%,UAMY,NYSEAMERICAN:UAMY
NYSE:UBER,14 Aug 2025,$89.29,3,,,,$97.58,-8.50%,,,,$102.91,5.46%,$144.30,47.88%,$149.12,52.82%,UBER,NYSE:UBER
NYSE:UBS,19 Aug 2025,$37.97,3,,,,$41.72,-8.99%,,,,$43.85,5.11%,"$1,416.98",3296.41%,"$1,428.38",3323.73%,UBS,NYSE:UBS
NASDAQ:UBSI,3 Sep 2025,$37.72,3,$40.00,6,3,$37.49,0.61%,0.61%,$37.72,$40.00,$39.16,4.45%,-$96.40,-357.14%,-$96.19,-356.57%,UBSI,NASDAQ:UBSI
NASDAQ:UDMY,20 Aug 2025,$10.79,4,$10.00,5,,$7.08,41.24%,,,,$7.60,7.34%,$14.49,104.60%,$16.40,131.69%,UDMY,NASDAQ:UDMY
NYSE:UDR,10 Sep 2025,$42.82,4,$44.23,9,4.25,$37.08,15.48%,15.48%,$42.82,$44.23,$38.67,4.29%,$38.38,3.52%,$59.55,60.60%,UDR,NYSE:UDR
NASDAQ:UFPI,31 Jan 2025,$119.95,3,$155.00,3,,$94.21,27.32%,,,,$97.98,4.00%,$204.37,116.93%,$231.41,145.63%,UFPI,NASDAQ:UFPI
NYSE:UGP,20 Aug 2025,$4.45,3,$4.00,5,,$3.96,1.01%,,,,$3.92,-1.01%,$5.50,38.80%,$10.21,157.93%,UGP,NYSE:UGP
NYSE:UL,10 Sep 2025,$66.09,3,$67.00,6,3,$60.30,9.60%,9.60%,$66.09,$67.00,$62.39,3.47%,$0.00,-100.00%,$0.00,-100.00%,UL,NYSE:UL
NYSE:ULS,19 Aug 2025,$55.15,1,,,,$68.90,-19.95%,,,,$71.24,3.40%,$130.09,88.81%,$169.06,145.38%,ULS,NYSE:ULS
NASDAQ:UMBF,9 Apr 2025,$109.79,4,$128.29,6,,$120.03,-8.54%,,,,$125.50,4.56%,-$343.44,-386.13%,-$310.07,-358.32%,UMBF,NASDAQ:UMBF
NYSE:UNFI,3 Sep 2025,$21.16,2,,,2,$29.48,-28.21%,-28.21%,$21.16,$21.16,$30.12,2.17%,$0.00,-100.00%,$0.00,-100.00%,UNFI,NYSE:UNFI
NYSE:UNM,17 Feb 2025,$69.73,2,$100.00,7,,$77.58,-10.13%,,,,$76.90,-0.88%,-$83.75,-207.95%,-$71.03,-191.55%,UNM,NYSE:UNM
NYSE:UNP,21 May 2024,$230.08,3,,,,$230.02,0.03%,,,,$237.79,3.38%,$240.84,4.70%,$284.10,23.51%,UNP,NYSE:UNP
NASDAQ:URBN,24 Jan 2024,$42.18,4,,,,$71.76,-41.22%,,,,$74.32,3.57%,$179.10,149.58%,$204.29,184.68%,URBN,NASDAQ:URBN
NYSE:URI,9 Apr 2025,$683.12,5,$774.77,6,,$952.00,-28.24%,,,,$961.74,1.02%,"$1,068.63",12.25%,"$1,293.54",35.88%,URI,NYSE:URI
NASDAQ:UROY,18 Aug 2025,$3.73,4,$3.44,6,,$4.47,-23.04%,,,,$4.31,-3.58%,$8.96,100.53%,$8.97,100.60%,UROY,NASDAQ:UROY
NYSE:USB,18 Aug 2025,$46.85,3,$53.64,4,,$49.53,-5.41%,,,,$51.98,4.95%,-$262.14,-629.25%,-$256.14,-617.14%,USB,NYSE:USB
NYSE:UTL,3 Sep 2025,$50.38,3,,3,2.25,$46.05,9.40%,9.40%,$50.38,$50.38,$45.97,-0.17%,-$27.96,-160.72%,$55.48,20.47%,UTL,NYSE:UTL
NYSE:UWMC,4 Oct 2024,$7.90,3,,,,$6.33,24.72%,,,,$6.66,5.21%,$56.68,795.41%,$59.04,832.72%,UWMC,NYSE:UWMC
NYSE:V,7 Sep 2025,$315.05,2,$397.95,10,3.5,$338.44,-6.91%,-6.91%,$315.05,$397.95,$360.30,6.46%,$574.15,69.65%,$587.30,73.53%,V,NYSE:V
NYSE:VAL,25 Jul 2023,$82.42,3,,,,$52.02,58.43%,,,,$50.88,-2.19%,$69.69,33.97%,$104.58,101.05%,VAL,NYSE:VAL
NYSE:VALE,23 Sep 2025,$13.81,5,$12.42,10,5,$10.95,13.42%,13.42%,$12.42,$13.81,$11.24,2.65%,$6.60,-39.70%,$13.05,19.22%,VALE,NYSE:VALE
NASDAQ:VBNK,24 Aug 2025,$12.54,3,$12.24,3,,$12.62,-3.01%,,,,$13.21,4.68%,$172.97,1270.59%,$174.12,1279.70%,VBNK,NASDAQ:VBNK
NASDAQ:VECO,5 Sep 2025,$35.14,3,$26.33,4,2.5,$29.42,-10.50%,-10.50%,$26.33,$35.14,$29.62,0.68%,$33.89,15.21%,$40.15,36.46%,VECO,NASDAQ:VECO
NYSE:VFC,26 Aug 2025,$31.37,5,$14.25,6,,$14.67,-2.86%,,,,$14.48,-1.30%,$44.67,204.53%,$45.25,208.43%,VFC,NYSE:VFC
NYSE:VICI,18 Sep 2025,$34.85,4,$36.00,10,4.5,$31.89,9.28%,9.28%,$34.85,$36.00,$33.23,4.20%,$57.35,79.85%,$57.41,80.01%,VICI,NYSE:VICI
NASDAQ:VIRT,27 Aug 2025,$35.92,2,,,2,#N/A,#N/A,#N/A,#N/A,#N/A,$36.36,#N/A,-$128.85,#N/A,-$111.10,#N/A,VIRT,NASDAQ:VIRT
NYSE:VIST,13 Jun 2025,$50.56,3,$70.00,6,,$38.40,31.66%,,,,$39.54,2.97%,$12.11,-68.47%,$58.65,52.74%,VIST,NYSE:VIST
NYSE:VIV,17 Feb 2025,$11.28,3,$11.80,5,,$12.52,-9.92%,,,,$12.64,0.96%,$256.92,1952.08%,$551.18,4302.44%,VIV,NYSE:VIV
NYSE:VLO,23 Aug 2024,$144.47,3,,,,$172.63,-16.31%,,,,$168.04,-2.66%,$204.78,18.62%,$307.93,78.38%,VLO,NYSE:VLO
NYSE:VLRS,22 Aug 2025,$7.94,3,$7.67,4,,$6.72,14.14%,,,,$7.11,5.80%,$42.43,531.36%,$45.23,573.02%,VLRS,NYSE:VLRS
NASDAQ:VLY,18 Aug 2025,$9.01,3,$10.75,6,,$10.93,-17.54%,,,,$11.34,3.75%,-$74.35,-780.22%,-$72.99,-767.80%,VLY,NASDAQ:VLY
NYSE:VNT,2 May 2025,$41.37,5,$40.50,6,,$42.89,-5.57%,,,,$44.32,3.33%,$48.02,11.96%,$56.92,32.71%,VNT,NYSE:VNT
NASDAQ:VRDN,19 May 2025,$24.97,4,$37.70,3,,$19.58,27.53%,,,,$19.11,-2.40%,$13.61,-30.48%,$13.50,-31.04%,VRDN,NASDAQ:VRDN
NASDAQ:VRNA,10 Jul 2025,$64.00,1,$116.00,9,,$106.27,-39.78%,,,,$106.49,0.21%,$128.00,20.44%,$128.25,20.68%,VRNA,NASDAQ:VRNA
NYSE:VSCO,12 Jun 2025,$36.51,5,$22.56,8,,$25.71,-12.25%,,,,$26.84,4.40%,$18.22,-29.13%,$50.99,98.34%,VSCO,NYSE:VSCO
NYSE:VTEX,10 Sep 2025,$4.25,4,$7.50,2,2.5,$4.49,-5.39%,-5.39%,$4.25,$7.50,$4.81,7.13%,$7.05,57.12%,$7.53,67.67%,VTEX,NYSE:VTEX
NYSE:VTMX,15 Jun 2025,$34.66,3,$21.00,5,,$27.84,-24.57%,,,,$28.97,4.06%,$41.30,48.35%,$41.40,48.72%,VTMX,NYSE:VTMX
NYSE:VTR,19 Sep 2025,$68.32,3,$76.83,9,3.75,$68.53,-0.31%,-0.31%,$68.32,$76.83,$71.46,4.28%,$104.94,53.14%,$155.08,126.30%,VTR,NYSE:VTR
NYSE:VVV,18 Sep 2025,$45.89,3,,,3,$37.46,22.51%,22.51%,$45.89,$45.89,$39.48,5.39%,$27.22,-27.32%,$36.35,-2.96%,VVV,NYSE:VVV
NYSE:VVX,11 Aug 2025,$66.16,5,$61.22,3,,$56.65,8.07%,,,,$60.08,6.05%,$59.05,4.24%,$166.14,193.27%,VVX,NYSE:VVX
NYSE:VYX,2 Sep 2025,$16.14,3,$23.00,6,3,$12.97,24.41%,24.41%,$16.14,$23.00,$13.47,3.86%,$35.29,172.12%,$97.02,648.00%,VYX,NYSE:VYX
NYSEAMERICAN:VZLA,14 Aug 2025,,,$4.07,8,,$4.04,0.74%,,,,$4.00,-0.99%,$4.41,9.18%,$4.41,9.22%,VZLA,NYSEAMERICAN:VZLA
NYSE:WAB,23 Aug 2025,$179.00,2,,,,$194.25,-7.85%,,,,$207.74,6.94%,$226.31,16.50%,$271.37,39.70%,WAB,NYSE:WAB
NASDAQ:WBA,10 Jul 2025,$12.18,3,$11.45,7,,#N/A,#N/A,,,,$11.44,#N/A,$0.00,#N/A,$0.00,#N/A,WBA,NASDAQ:WBA
NYSE:WBS,3 Jun 2025,$57.34,4,$61.73,6,,$61.01,-6.02%,,,,$64.03,4.95%,-$244.46,-500.69%,-$236.53,-487.69%,WBS,NYSE:WBS
NASDAQ:WDC,23 Aug 2024,$68.21,3,,,,$112.41,-39.32%,,,,$116.49,3.63%,$210.32,87.10%,$230.39,104.95%,WDC,NASDAQ:WDC
NYSE:WDS,2 May 2025,$21.39,5,$26.80,4,,$15.27,40.07%,,,,$15.80,3.47%,$0.00,-100.00%,$0.00,-100.00%,WDS,NYSE:WDS
NYSE:WELL,18 Sep 2025,$151.80,2,,,2,$172.36,-11.93%,-11.93%,$151.80,$151.80,$178.08,3.32%,$227.35,31.91%,$279.28,62.03%,WELL,NYSE:WELL
NASDAQ:WEN,9 Sep 2025,$16.85,3,$11.97,6,3,$9.21,29.97%,29.97%,$11.97,$16.85,$9.65,4.78%,-$2.84,-130.85%,$7.92,-13.98%,WEN,NASDAQ:WEN
NYSE:WFC,14 Aug 2025,$71.42,3,$87.67,6,,$85.05,-16.02%,,,,$89.79,5.57%,-$222.54,-361.65%,-$206.13,-342.37%,WFC,NYSE:WFC
NYSE:WFG,15 Aug 2025,$82.42,4,$89.94,5,,$69.07,19.32%,,,,$69.94,1.26%,$186.42,169.90%,$283.56,310.54%,WFG,NYSE:WFG
NASDAQ:WFRD,26 Aug 2025,$72.50,3,,,,$67.95,6.70%,,,,$65.81,-3.15%,$94.65,39.29%,$145.66,114.36%,WFRD,NASDAQ:WFRD
NYSE:WGO,13 Sep 2024,$83.32,5,,,,$34.16,143.90%,,,,$35.13,2.84%,$0.00,-100.00%,$0.00,-100.00%,WGO,NYSE:WGO
NYSE:WK,26 Aug 2025,$86.14,4,$95.50,9,,$84.14,2.37%,,,,$83.52,-0.74%,$93.92,11.62%,$96.20,14.34%,WK,NYSE:WK
NYSE:WKC,16 Sep 2025,$32.51,4,$29.00,6,3.5,$26.68,8.70%,8.70%,$29.00,$32.51,$26.42,-0.97%,-$26.07,-197.71%,-$2.26,-108.48%,WKC,NYSE:WKC
NASDAQ:WKHS,12 Dec 2024,$1.13,,,4,,$1.16,-2.59%,,,,$1.12,-3.45%,-$18.61,-1704.54%,-$17.69,-1625.32%,WKHS,NASDAQ:WKHS
NYSE:WMS,5 May 2025,$162.55,3,$140.71,7,,$143.36,-1.85%,,,,$152.57,6.42%,$229.03,59.76%,$254.31,77.39%,WMS,NYSE:WMS
NYSE:WOR,16 Dec 2024,$43.00,4,,4,,$50.86,-15.45%,,,,$63.36,24.58%,$0.00,-100.00%,$0.00,-100.00%,WOR,NYSE:WOR
NYSE:WPM,19 Aug 2025,$72.53,1,,,,$106.89,-32.15%,,,,$112.22,4.99%,$117.09,9.54%,$125.24,17.17%,WPM,NYSE:WPM
NYSE:WPP,9 Sep 2025,$37.50,3,,6,3,$24.00,56.23%,56.23%,$37.50,$37.50,$25.24,5.17%,$0.00,-100.00%,$0.00,-100.00%,WPP,NYSE:WPP
NASDAQ:WRLD,23 Aug 2025,$181.89,3,$180.00,4,,$176.61,1.92%,,,,$181.38,2.70%,$844.93,378.41%,$876.70,396.40%,WRLD,NASDAQ:WRLD
NASDAQ:WSBC,3 Sep 2025,$32.55,3,$37.00,6,3,$32.42,0.39%,0.39%,$32.55,$37.00,$33.58,3.58%,-$167.25,-615.90%,-$166.96,-614.99%,WSBC,NASDAQ:WSBC
NASDAQ:WSC,19 Aug 2025,$32.85,3,$33.40,7,,$21.58,52.23%,,,,$23.05,6.81%,$34.01,57.58%,$58.19,169.67%,WSC,NASDAQ:WSC
NYSE:WSM,19 Aug 2025,$178.74,2,,,,$200.02,-10.64%,,,,$207.43,3.70%,$263.12,31.54%,$281.99,40.98%,WSM,NYSE:WSM
NYSE:WSO,1 Jul 2024,$356.65,1,,,,$394.38,-9.57%,,,,$406.80,3.15%,$612.15,55.22%,$625.86,58.69%,WSO,NYSE:WSO
NYSE:WT,27 Aug 2025,$14.51,4,$13.88,8,4,$14.55,-4.60%,-4.60%,$13.88,$14.51,$15.18,4.33%,$29.76,104.51%,$30.20,107.56%,WT,NYSE:WT
NASDAQ:WTW,3 Sep 2025,$319.57,3,,,3,$342.98,-6.82%,-6.82%,$319.57,$319.57,$339.73,-0.95%,$275.89,-19.56%,$304.37,-11.26%,WTW,NASDAQ:WTW
NYSE:WU,9 Sep 2025,$14.43,3,$8.65,5,2.75,$8.15,6.13%,6.13%,$8.65,$14.43,$8.49,4.17%,$6.27,-23.01%,$10.54,29.38%,WU,NYSE:WU
NASDAQ:WVE,19 Aug 2025,$9.10,3,,,,$6.83,33.18%,,,,$6.69,-2.05%,$38.91,469.72%,$40.00,485.69%,WVE,NASDAQ:WVE
NASDAQ:XEL,18 Sep 2025,$67.13,2,,,2,$73.26,-8.37%,-8.37%,$67.13,$67.13,$75.12,2.54%,-$0.17,-100.23%,$35.52,-51.52%,XEL,NASDAQ:XEL
NASDAQ:XGN,25 Aug 2025,$7.35,3,,,,$10.56,-30.36%,,,,$9.94,-5.87%,$13.22,25.15%,$14.08,33.38%,XGN,NASDAQ:XGN
NYSE:XOM,23 Aug 2024,$132.36,4,,,,$115.39,14.71%,,,,$117.00,1.40%,$135.88,17.76%,$195.63,69.53%,XOM,NYSE:XOM
NASDAQ:XP,15 Aug 2025,$19.66,4,$22.06,6,,$19.08,3.06%,,,,$19.60,2.73%,$3.22,-83.10%,$5.57,-70.78%,XP,NASDAQ:XP
NASDAQ:XPEL,29 Nov 2024,$53.10,3,,,,$32.90,61.40%,,,,$35.06,6.57%,$96.79,194.20%,$104.71,218.25%,XPEL,NASDAQ:XPEL
NYSE:XYF,9 Sep 2025,$13.63,3,,,3,$14.74,-7.55%,-7.55%,$13.63,$13.63,$15.62,5.97%,"$160,840.48",1091083.69%,"$163,870.31",1111638.86%,XYF,NYSE:XYF
NYSE:YALA,11 Sep 2025,$7.45,3,,7,3.25,$7.60,-1.93%,-1.93%,$7.45,$7.45,$7.80,2.63%,$1.46,-80.79%,$7.42,-2.43%,YALA,NYSE:YALA
NYSE:YMM,20 Aug 2025,$12.40,4,$14.00,4,,$13.17,-5.87%,,,,$13.75,4.40%,$17.08,29.71%,$17.17,30.36%,YMM,NYSE:YMM
NYSE:YUM,18 Sep 2025,$140.70,3,,,3,$147.20,-4.42%,-4.42%,$140.70,$140.70,$155.39,5.56%,$153.88,4.54%,$160.26,8.87%,YUM,NYSE:YUM
NASDAQ:YYGH,19 Aug 2025,$1.90,3,,,,$0.38,401.18%,,,,$0.37,-2.63%,$0.00,-100.00%,$0.00,-100.00%,YYGH,NASDAQ:YYGH
NASDAQ:ZBRA,9 Aug 2024,$293.98,3,,,,$310.92,-5.45%,,,,$328.86,5.77%,$387.83,24.74%,$436.02,40.24%,ZBRA,NASDAQ:ZBRA
NASDAQ:ZD,23 Feb 2024,$75.69,3,,,,$37.05,104.30%,,,,$39.62,6.94%,$39.86,7.59%,$97.18,162.29%,ZD,NASDAQ:ZD
NASDAQ:ZEUS,22 Aug 2025,$42.35,3,$38.00,3,,$31.87,19.23%,,,,$33.58,5.37%,$33.92,6.43%,$62.88,97.31%,ZEUS,NASDAQ:ZEUS
NYSE:ZH,3 Sep 2025,$6.32,4,,8,4,$5.27,19.98%,19.98%,$6.32,$6.32,$4.92,-6.64%,$11.75,123.01%,$11.75,123.01%,ZH,NYSE:ZH
NYSE:ZIM,5 Apr 2024,$17.41,3,,,,$14.52,19.88%,,,,$15.09,3.93%,$130.10,795.99%,$241.37,1562.35%,ZIM,NYSE:ZIM
NASDAQ:ZIMV,20 Sep 2024,$23.51,3,,,,$18.91,24.34%,,,,$19.14,1.22%,$10.80,-42.87%,$27.60,45.93%,ZIMV,NASDAQ:ZIMV
NYSE:NOG,19 Sep 2025,$38.23,3,$30.29,2,2,$27.07,11.90%,11.90%,$30.29,$38.23,$28.28,4.47%,$3.13,-88.45%,$155.23,473.44%,NOG,NYSE:NOG
NYSE:PCG,19 Sep 2025,$20.25,3,$20.88,5,2.75,$14.67,38.06%,38.06%,$20.25,$20.88,$15.71,7.09%,-$27.14,-285.04%,-$10.74,-173.20%,PCG,NYSE:PCG
NASDAQ:FANG,20 Sep 2025,$163.23,3,$183.50,2,2,$146.77,11.21%,11.21%,$163.23,$183.50,$151.86,3.47%,$125.80,-14.29%,$281.99,92.13%,FANG,NASDAQ:FANG
NYSE:TGT,21 Sep 2025,$120.25,3,$103.27,3,2.25,$87.18,18.46%,18.46%,$103.27,$120.25,$91.49,4.94%,$109.32,25.39%,$177.61,103.72%,TGT,NYSE:TGT
NASDAQ:HBCP,21 Sep 2025,$57.77,3,$63.50,6,3,$55.50,4.10%,4.10%,$57.77,$63.50,$59.41,7.05%,-$266.96,-581.01%,-$261.36,-570.92%,HBCP,NASDAQ:HBCP
NYSE:GPRK,22 Sep 2025,$10.05,3,$7.75,2,2,$6.38,21.47%,21.47%,$7.75,$10.05,$6.48,1.57%,$39.83,524.25%,$64.18,905.91%,GPRK,NYSE:GPRK
NASDAQ:CTBI,22 Sep 2025,$57.61,3,$65.33,5,2.75,$56.62,1.76%,1.76%,$57.61,$65.33,$60.43,6.73%,-$175.69,-410.30%,-$170.58,-401.28%,CTBI,NASDAQ:CTBI
NYSE:ALSN,22 Sep 2025,$99.81,4,$98.14,3,2.75,$87.30,12.42%,12.42%,$98.14,$99.81,$92.92,6.44%,$190.28,117.96%,$216.85,148.40%,ALSN,NYSE:ALSN
NYSE:SG,22 Sep 2025,$11.88,3,$14.64,2,2,$8.53,39.28%,39.28%,$11.88,$14.64,$9.46,10.90%,$4.07,-52.34%,$6.59,-22.73%,SG,NYSE:SG
NASDAQ:CPRT,22 Sep 2025,$50.82,4,$55.60,4,3,$45.22,12.38%,12.38%,$50.82,$55.60,$47.65,5.37%,$72.43,60.17%,$76.37,68.89%,CPRT,NASDAQ:CPRT
NASDAQ:HPK,22 Sep 2025,$12.06,3,$7.00,3,2.25,$7.48,-6.42%,-6.42%,$7.00,$12.06,$7.39,-1.20%,-$3.29,-144.01%,$50.33,572.91%,HPK,NASDAQ:HPK
